mmm_timeseries_id,organisation_id,organisation_vertical,organisation_subvertical,organisation_marketing_sources,organisation_primary_territory_name,territory_name,date_day,currency_code,first_purchases,first_purchases_units,first_purchases_original_price,first_purchases_gross_discount,all_purchases,all_purchases_units,all_purchases_original_price,all_purchases_gross_discount,google_paid_search_spend,google_shopping_spend,google_pmax_spend,google_display_spend,google_video_spend,meta_facebook_spend,meta_instagram_spend,meta_other_spend,tiktok_spend,google_paid_search_clicks,google_shopping_clicks,google_pmax_clicks,google_display_clicks,google_video_clicks,meta_facebook_clicks,meta_instagram_clicks,meta_other_clicks,tiktok_clicks,google_paid_search_impressions,google_shopping_impressions,google_pmax_impressions,google_display_impressions,google_video_impressions,meta_facebook_impressions,meta_instagram_impressions,meta_other_impressions,tiktok_impressions,direct_clicks,branded_search_clicks,organic_search_clicks,email_clicks,referral_clicks,all_other_clicks,total_google_spend,total_meta_spend,day_of_week,week_of_year,month,is_weekend,is_holiday,total_google_spend_log,total_meta_spend_log
596eef7c71f933d820d0e485935d0e8f,04769dac8b828ec7a85676d9e2bffe6f,Beauty & Fitness,Hair Care,"Google, Meta",US,All Territories,2022-07-29,USD,22,27,3837.980834417,632.595555037,27,32,4552.984240467,846.593069199,0.0,0.0,205.528905465,0.0,0.0,233.75,0.0,0.0,0.0,0.0,0.0,255.0,0.0,0.0,163.0,0.0,0.0,0.0,0.0,0.0,31907.0,0.0,0.0,18997.0,0.0,0.0,0.0,139.0,0.0,300.0,1.0,61.0,40.0,205.528905465,233.75,4,30,7,0,0,5.330440380643817,5.458521118088372
596eef7c71f933d820d0e485935d0e8f,04769dac8b828ec7a85676d9e2bffe6f,Beauty & Fitness,Hair Care,"Google, Meta",US,All Territories,2022-07-30,USD,14,21,2747.998630691,443.996522454,17,26,3177.99803177,613.806522454,0.0,0.0,277.082024518,0.0,0.0,248.84,0.0,0.0,0.0,0.0,0.0,348.0,0.0,0.0,128.0,0.0,0.0,0.0,0.0,0.0,44483.0,0.0,0.0,20188.0,0.0,0.0,0.0,209.0,0.0,442.0,8.0,110.0,62.0,277.082024518,248.84,5,30,7,1,0,5.6279161223943115,5.520820712974823
596eef7c71f933d820d0e485935d0e8f,04769dac8b828ec7a85676d9e2bffe6f,Beauty & Fitness,Hair Care,"Google, Meta",US,All Territories,2022-07-31,USD,31,39,4567.998817897,1185.197965701,39,48,5468.998817897,1504.997965701,0.0,0.0,427.436429252,0.0,0.0,274.51,0.0,0.0,0.0,0.0,0.0,405.0,0.0,0.0,148.0,0.0,0.0,0.0,0.0,0.0,58173.0,0.0,0.0,24718.0,0.0,0.0,0.0,262.0,0.0,427.0,631.0,108.0,65.0,427.436429252,274.51,6,30,7,1,0,6.060142370560513,5.618623925574879
596eef7c71f933d820d0e485935d0e8f,04769dac8b828ec7a85676d9e2bffe6f,Beauty & Fitness,Hair Care,"Google, Meta",US,All Territories,2022-08-01,USD,18,30,2878.98238509,696.519993179,22,34,3335.970202072,754.41074707,35.24,0.0,347.232797778,0.0,0.0,270.06,0.0,0.0,0.0,48.0,0.0,320.0,0.0,0.0,163.0,0.0,0.0,0.0,890.0,0.0,55559.0,0.0,0.0,25076.0,0.0,0.0,0.0,247.0,0.0,400.0,117.0,125.0,68.0,382.47279777800003,270.06,0,31,8,0,0,5.949268686813067,5.60234019858787
596eef7c71f933d820d0e485935d0e8f,04769dac8b828ec7a85676d9e2bffe6f,Beauty & Fitness,Hair Care,"Google, Meta",US,All Territories,2022-08-02,USD,23,27,3107.99366851,627.097427389,28,33,3991.987441096,934.011083386,38.4,0.0,314.952970614,0.0,0.0,257.62,0.0,0.0,0.0,46.0,0.0,330.0,0.0,0.0,127.0,0.0,0.0,0.0,702.0,0.0,47854.0,0.0,0.0,22688.0,0.0,0.0,0.0,255.0,0.0,425.0,37.0,146.0,65.0,353.35297061399996,257.62,1,31,8,0,0,5.870293508497547,5.555359802867706
596eef7c71f933d820d0e485935d0e8f,04769dac8b828ec7a85676d9e2bffe6f,Beauty & Fitness,Hair Care,"Google, Meta",US,All Territories,2022-08-03,USD,25,34,4513.998777116,818.006776983,25,34,4513.998777116,818.006776983,25.13,0.0,392.463058776,0.0,0.0,198.93,0.0,0.0,0.0,31.0,0.0,371.0,0.0,0.0,92.0,0.0,0.0,0.0,356.0,0.0,52097.0,0.0,0.0,14486.0,0.0,0.0,0.0,215.0,0.0,443.0,33.0,137.0,86.0,417.593058776,198.93,2,31,8,0,0,6.036899227877283,5.297967305283741
596eef7c71f933d820d0e485935d0e8f,04769dac8b828ec7a85676d9e2bffe6f,Beauty & Fitness,Hair Care,"Google, Meta",US,All Territories,2022-08-04,USD,23,27,3507.990457088,541.1,24,28,3756.990457088,761.1,20.57,0.0,354.88070814,0.0,0.0,150.67,0.0,0.0,0.0,23.0,0.0,335.0,0.0,0.0,58.0,0.0,0.0,0.0,373.0,0.0,54418.0,0.0,0.0,8954.0,0.0,0.0,0.0,206.0,0.0,450.0,17.0,109.0,45.0,375.45070814,150.67,3,31,8,0,0,5.93078711739411,5.021707108063305
596eef7c71f933d820d0e485935d0e8f,04769dac8b828ec7a85676d9e2bffe6f,Beauty & Fitness,Hair Care,"Google, Meta",US,All Territories,2022-08-05,USD,33,48,6530.990937141,1116.696336214,38,57,7620.990937141,1674.706336214,17.34,0.0,375.67,0.0,0.0,136.34,0.0,0.0,0.0,22.0,0.0,363.0,0.0,0.0,71.0,0.0,0.0,0.0,436.0,0.0,60234.0,0.0,0.0,9713.0,0.0,0.0,0.0,193.0,0.0,491.0,24.0,130.0,63.0,393.01,136.34,4,31,8,0,0,5.976376289686509,4.9224596031925305
596eef7c71f933d820d0e485935d0e8f,04769dac8b828ec7a85676d9e2bffe6f,Beauty & Fitness,Hair Care,"Google, Meta",US,All Territories,2022-08-06,USD,22,30,3194.982270999,1076.092891096,25,35,3562.982270999,1136.092891096,21.61,0.0,410.51,0.0,0.0,137.13,0.0,0.0,0.0,24.0,0.0,361.0,0.0,0.0,77.0,0.0,0.0,0.0,318.0,0.0,68403.0,0.0,0.0,11664.0,0.0,0.0,0.0,229.0,0.0,454.0,251.0,111.0,41.0,432.12,137.13,5,31,8,1,0,6.0710148258659915,4.928195270711869
596eef7c71f933d820d0e485935d0e8f,04769dac8b828ec7a85676d9e2bffe6f,Beauty & Fitness,Hair Care,"Google, Meta",US,All Territories,2022-08-07,USD,30,34,4513.955341395,1159.751258609,34,39,5099.945341395,1434.741258609,18.62,0.0,348.94,0.0,0.0,149.06,0.0,0.0,0.0,22.0,0.0,334.0,0.0,0.0,49.0,0.0,0.0,0.0,384.0,0.0,71589.0,0.0,0.0,13756.0,0.0,0.0,0.0,167.0,0.0,442.0,226.0,126.0,28.0,367.56,149.06,6,31,8,1,0,5.909603520627662,5.011035214117583
596eef7c71f933d820d0e485935d0e8f,04769dac8b828ec7a85676d9e2bffe6f,Beauty & Fitness,Hair Care,"Google, Meta",US,All Territories,2022-08-08,USD,17,19,3232.974703452,971.395661594,21,24,3581.974703452,1030.595661594,72.54,0.0,383.01,0.0,0.0,149.19,0.0,0.0,0.0,76.0,0.0,327.0,0.0,0.0,45.0,0.0,0.0,0.0,909.0,0.0,58092.0,0.0,0.0,12945.0,0.0,0.0,0.0,196.0,0.0,499.0,73.0,119.0,40.0,455.55,149.19,0,32,8,0,0,6.123698223062349,5.01190115921749
596eef7c71f933d820d0e485935d0e8f,04769dac8b828ec7a85676d9e2bffe6f,Beauty & Fitness,Hair Care,"Google, Meta",US,All Territories,2022-08-09,USD,30,35,4640.992276126,582.8,41,51,7014.992276126,1078.2,82.34,0.0,310.25,0.0,0.0,144.88,0.0,0.0,0.0,88.0,0.0,295.0,0.0,0.0,70.0,0.0,0.0,0.0,1305.0,0.0,51042.0,0.0,0.0,12131.0,0.0,0.0,0.0,159.0,0.0,397.0,28.0,120.0,30.0,392.59000000000003,144.88,1,32,8,0,0,5.975309758351282,4.982784365940479
596eef7c71f933d820d0e485935d0e8f,04769dac8b828ec7a85676d9e2bffe6f,Beauty & Fitness,Hair Care,"Google, Meta",US,All Territories,2022-08-10,USD,23,29,4590.002430662,1340.004254066,28,35,5634.002430662,1659.714254066,63.96,0.0,311.12,0.0,0.0,146.38,0.0,0.0,0.0,71.0,0.0,304.0,0.0,0.0,67.0,0.0,0.0,0.0,1186.0,0.0,51676.0,0.0,0.0,11983.0,0.0,0.0,0.0,205.0,0.0,389.0,225.0,109.0,39.0,375.08,146.38,2,32,8,0,0,5.929801886715875,4.9930142853388535
596eef7c71f933d820d0e485935d0e8f,04769dac8b828ec7a85676d9e2bffe6f,Beauty & Fitness,Hair Care,"Google, Meta",US,All Territories,2022-08-11,USD,16,22,2844.992609924,809.553007802,18,24,3041.992609924,873.703007802,67.41,0.0,377.69,0.0,0.0,144.47,0.0,0.0,0.0,78.0,0.0,296.0,0.0,0.0,76.0,0.0,0.0,0.0,938.0,0.0,52194.0,0.0,0.0,11830.0,0.0,0.0,0.0,182.0,0.0,391.0,63.0,98.0,37.0,445.1,144.47,3,32,8,0,0,6.100543142134219,4.97996987978537
596eef7c71f933d820d0e485935d0e8f,04769dac8b828ec7a85676d9e2bffe6f,Beauty & Fitness,Hair Care,"Google, Meta",US,All Territories,2022-08-12,USD,19,26,3735.986111216,801.962411429,22,34,4229.956111216,945.072411429,86.11,0.0,192.45,0.0,0.0,141.58,0.0,0.0,0.0,91.0,0.0,201.0,0.0,0.0,61.0,0.0,0.0,0.0,1093.0,0.0,42903.0,0.0,0.0,11111.0,0.0,0.0,0.0,195.0,0.0,404.0,181.0,108.0,60.0,278.56,141.58,4,32,8,0,0,5.633216938608928,4.959903245689483
596eef7c71f933d820d0e485935d0e8f,04769dac8b828ec7a85676d9e2bffe6f,Beauty & Fitness,Hair Care,"Google, Meta",US,All Territories,2022-08-13,USD,28,36,5560.978442149,1625.053119546,32,43,6247.978442149,1904.353119546,88.31,0.0,304.67,0.0,0.0,140.26,0.0,0.0,0.0,97.0,0.0,314.0,0.0,0.0,63.0,0.0,0.0,0.0,1282.0,0.0,44574.0,0.0,0.0,10280.0,0.0,0.0,0.0,156.0,0.0,425.0,75.0,106.0,26.0,392.98,140.26,5,32,8,1,0,5.976300146588209,4.9506021639807765
596eef7c71f933d820d0e485935d0e8f,04769dac8b828ec7a85676d9e2bffe6f,Beauty & Fitness,Hair Care,"Google, Meta",US,All Territories,2022-08-14,USD,22,28,3823.981758809,779.342396419,27,36,4199.981758809,858.792396419,76.23,0.0,324.66,0.0,0.0,148.73,0.0,0.0,0.0,82.0,0.0,334.0,0.0,0.0,61.0,0.0,0.0,0.0,946.0,0.0,52034.0,0.0,0.0,13704.0,0.0,0.0,0.0,183.0,0.0,408.0,262.0,117.0,32.0,400.89000000000004,148.73,6,32,8,1,0,5.9961784193342025,5.008833672149628
596eef7c71f933d820d0e485935d0e8f,04769dac8b828ec7a85676d9e2bffe6f,Beauty & Fitness,Hair Care,"Google, Meta",US,All Territories,2022-08-15,USD,25,42,5120.997610666,1659.698471012,29,49,5908.999288088,1900.851626464,69.14,0.0,282.99,0.0,0.0,152.14,0.0,0.0,0.0,90.0,0.0,273.0,0.0,0.0,39.0,0.0,0.0,0.0,1456.0,0.0,49452.0,0.0,0.0,14585.0,0.0,0.0,0.0,207.0,0.0,376.0,110.0,123.0,38.0,352.13,152.14,0,33,8,0,0,5.866836261092499,5.031352535684977
596eef7c71f933d820d0e485935d0e8f,04769dac8b828ec7a85676d9e2bffe6f,Beauty & Fitness,Hair Care,"Google, Meta",US,All Territories,2022-08-16,USD,39,51,5145.953457479,1352.666495907,43,55,5552.952403931,1503.07745887,86.88,0.0,291.79,0.0,0.0,134.99,0.0,0.0,0.0,97.0,0.0,250.0,0.0,0.0,43.0,0.0,0.0,0.0,1165.0,0.0,54286.0,0.0,0.0,12690.0,0.0,0.0,0.0,197.0,0.0,404.0,167.0,133.0,37.0,378.67,134.99,1,33,8,0,0,5.939302454371787,4.912581353620868
596eef7c71f933d820d0e485935d0e8f,04769dac8b828ec7a85676d9e2bffe6f,Beauty & Fitness,Hair Care,"Google, Meta",US,All Territories,2022-08-17,USD,22,30,4445.99048744,961.040097488,25,35,4663.99048744,1035.140097488,84.15,0.0,317.39,0.0,0.0,130.4,0.0,0.0,0.0,107.0,0.0,267.0,0.0,0.0,38.0,0.0,0.0,0.0,1205.0,0.0,52755.0,0.0,0.0,10966.0,0.0,0.0,0.0,192.0,0.0,402.0,52.0,124.0,68.0,401.53999999999996,130.4,2,33,8,0,0,5.997794470802852,4.8782461060505105
596eef7c71f933d820d0e485935d0e8f,04769dac8b828ec7a85676d9e2bffe6f,Beauty & Fitness,Hair Care,"Google, Meta",US,All Territories,2022-08-18,USD,29,32,4774.962874386,1553.859598694,34,37,5520.962874386,1693.159598694,64.49,0.0,329.07,0.0,0.0,140.47,0.0,0.0,0.0,106.0,0.0,237.0,0.0,0.0,59.0,0.0,0.0,0.0,1120.0,0.0,57721.0,0.0,0.0,12234.0,0.0,0.0,0.0,198.0,0.0,383.0,233.0,130.0,74.0,393.56,140.47,3,33,8,0,0,5.977771219975979,4.952087680470843
596eef7c71f933d820d0e485935d0e8f,04769dac8b828ec7a85676d9e2bffe6f,Beauty & Fitness,Hair Care,"Google, Meta",US,All Territories,2022-08-19,USD,20,29,3368.946418935,973.950679394,23,32,3895.946418935,1158.400679394,90.29,0.0,399.86,0.0,0.0,152.49,0.0,0.0,0.0,109.0,0.0,365.0,0.0,0.0,57.0,0.0,0.0,0.0,1270.0,0.0,59238.0,0.0,0.0,14168.0,0.0,0.0,0.0,209.0,0.0,440.0,96.0,118.0,94.0,490.15000000000003,152.49,4,33,8,0,0,6.196749580120879,5.033635418325317
596eef7c71f933d820d0e485935d0e8f,04769dac8b828ec7a85676d9e2bffe6f,Beauty & Fitness,Hair Care,"Google, Meta",US,All Territories,2022-08-20,USD,22,26,4315.987170506,1380.491049984,30,36,5878.987170506,1927.541049984,98.55,0.0,430.68,0.0,0.0,151.37,0.0,0.0,0.0,129.0,0.0,389.0,0.0,0.0,52.0,0.0,0.0,0.0,1665.0,0.0,65427.0,0.0,0.0,15812.0,0.0,0.0,0.0,243.0,0.0,419.0,241.0,153.0,97.0,529.23,151.37,5,33,8,1,0,6.273310874675928,5.026311773481264
596eef7c71f933d820d0e485935d0e8f,04769dac8b828ec7a85676d9e2bffe6f,Beauty & Fitness,Hair Care,"Google, Meta",US,All Territories,2022-08-21,USD,34,40,5935.963317124,1425.483363124,39,46,6979.963317124,1776.983363124,107.16,0.0,405.03,0.0,0.0,148.92,0.0,0.0,0.0,118.0,0.0,350.0,0.0,0.0,67.0,0.0,0.0,0.0,1738.0,0.0,62427.0,0.0,0.0,16638.0,0.0,0.0,0.0,237.0,0.0,412.0,95.0,160.0,53.0,512.1899999999999,148.92,6,33,8,1,0,6.240646146970964,5.010101818490112
596eef7c71f933d820d0e485935d0e8f,04769dac8b828ec7a85676d9e2bffe6f,Beauty & Fitness,Hair Care,"Google, Meta",US,All Territories,2022-08-22,USD,26,78,6753.990150763,2040.901407673,34,87,8037.990150763,2338.901407673,58.51,0.0,309.49,0.0,0.0,136.53,0.0,0.0,0.0,81.0,0.0,263.0,0.0,0.0,71.0,0.0,0.0,0.0,431.0,0.0,44416.0,0.0,0.0,16765.0,0.0,0.0,0.0,0.0,0.0,0.0,0.0,0.0,1403.0,368.0,136.53,0,34,8,0,0,5.910796644040527,4.9238420751266165
596eef7c71f933d820d0e485935d0e8f,04769dac8b828ec7a85676d9e2bffe6f,Beauty & Fitness,Hair Care,"Google, Meta",US,All Territories,2022-08-23,USD,19,23,3377.989407436,907.652907051,23,32,4002.992571971,1133.111699913,37.25,0.0,304.02,0.0,0.0,147.09,0.0,0.0,0.0,58.0,0.0,309.0,0.0,0.0,68.0,0.0,0.0,0.0,302.0,0.0,46821.0,0.0,0.0,16516.0,0.0,0.0,0.0,0.0,0.0,0.0,0.0,0.0,1676.0,341.27,147.09,1,34,8,0,0,5.835599899276388,4.997820197049412
596eef7c71f933d820d0e485935d0e8f,04769dac8b828ec7a85676d9e2bffe6f,Beauty & Fitness,Hair Care,"Google, Meta",US,All Territories,2022-08-24,USD,29,36,5548.988168148,1795.497477877,32,39,5817.968168148,1984.507477877,22.7,0.0,348.85,0.0,0.0,140.86,0.0,0.0,0.0,47.0,0.0,345.0,0.0,0.0,60.0,0.0,0.0,0.0,266.0,0.0,47539.0,0.0,0.0,14367.0,0.0,0.0,0.0,0.0,0.0,0.0,0.0,0.0,1578.0,371.55,140.86,2,34,8,0,0,5.920371256999736,4.954840655773941
596eef7c71f933d820d0e485935d0e8f,04769dac8b828ec7a85676d9e2bffe6f,Beauty & Fitness,Hair Care,"Google, Meta",US,All Territories,2022-08-25,USD,24,57,5287.003163804,1969.847585213,28,62,5814.998178354,2087.797585213,61.11,0.0,374.21,0.0,0.0,143.8,0.0,0.0,0.0,114.0,0.0,358.0,0.0,0.0,51.0,0.0,0.0,0.0,3970.0,0.0,46139.0,0.0,0.0,14403.0,0.0,0.0,0.0,0.0,0.0,0.0,0.0,0.0,1437.0,435.32,143.8,3,34,8,0,0,6.078375919097279,4.975353479951616
596eef7c71f933d820d0e485935d0e8f,04769dac8b828ec7a85676d9e2bffe6f,Beauty & Fitness,Hair Care,"Google, Meta",US,All Territories,2022-08-26,USD,23,30,3818.962034911,1119.79,30,39,4983.950988959,1349.387332606,53.93,0.0,304.03,0.0,0.0,154.79,0.0,0.0,0.0,105.0,0.0,304.0,0.0,0.0,83.0,0.0,0.0,0.0,4104.0,0.0,44900.0,0.0,0.0,16221.0,0.0,0.0,0.0,0.0,0.0,0.0,0.0,0.0,1511.0,357.96,154.79,4,34,8,0,0,5.883210961667728,5.048508946524337
596eef7c71f933d820d0e485935d0e8f,04769dac8b828ec7a85676d9e2bffe6f,Beauty & Fitness,Hair Care,"Google, Meta",US,All Territories,2022-08-27,USD,26,36,4534.992920757,1207.449941376,36,52,6172.987233077,1824.609941376,61.8,0.0,412.45,0.0,0.0,157.88,0.0,0.0,0.0,124.0,0.0,392.0,0.0,0.0,85.0,0.0,0.0,0.0,2719.0,0.0,53799.0,0.0,0.0,14812.0,0.0,0.0,0.0,317.0,0.0,491.0,221.0,116.0,36.0,474.25,157.88,5,34,8,1,0,6.163840981368539,5.068149200296863
596eef7c71f933d820d0e485935d0e8f,04769dac8b828ec7a85676d9e2bffe6f,Beauty & Fitness,Hair Care,"Google, Meta",US,All Territories,2022-08-28,USD,30,43,5131.568954047,1511.35,34,47,5855.568954047,1765.75,62.26,0.0,406.86,0.0,0.0,156.74,0.0,0.0,0.0,103.0,0.0,388.0,0.0,0.0,58.0,0.0,0.0,0.0,1180.0,0.0,49238.0,0.0,0.0,16033.0,0.0,0.0,0.0,287.0,0.0,441.0,49.0,120.0,36.0,469.12,156.74,6,34,8,1,0,6.152987981264653,5.060948107969845
596eef7c71f933d820d0e485935d0e8f,04769dac8b828ec7a85676d9e2bffe6f,Beauty & Fitness,Hair Care,"Google, Meta",US,All Territories,2022-08-29,USD,31,39,5372.942732861,1851.368264763,39,51,6411.942732861,2146.828264763,54.52,0.0,305.52,0.0,0.0,155.24,0.0,0.0,0.0,87.0,0.0,316.0,0.0,0.0,55.0,0.0,0.0,0.0,1099.0,0.0,48873.0,0.0,0.0,16291.0,0.0,0.0,0.0,275.0,0.0,481.0,34.0,145.0,44.0,360.03999999999996,155.24,0,35,8,0,0,5.888988755518746,5.051393286568423
596eef7c71f933d820d0e485935d0e8f,04769dac8b828ec7a85676d9e2bffe6f,Beauty & Fitness,Hair Care,"Google, Meta",US,All Territories,2022-08-30,USD,31,38,5438.956427859,1675.078890271,35,45,5924.956427859,1786.028890271,80.11,0.0,294.93,0.0,0.0,154.15,0.0,0.0,0.0,190.0,0.0,324.0,0.0,0.0,70.0,0.0,0.0,0.0,1932.0,0.0,39103.0,0.0,0.0,15501.0,0.0,0.0,0.0,267.0,0.0,447.0,161.0,150.0,42.0,375.04,154.15,1,35,8,0,0,5.92969552071035,5.044392390894389
596eef7c71f933d820d0e485935d0e8f,04769dac8b828ec7a85676d9e2bffe6f,Beauty & Fitness,Hair Care,"Google, Meta",US,All Territories,2022-08-31,USD,39,56,6664.935969478,2251.211447736,44,66,7703.935969478,2683.961447736,57.18,0.0,286.3,0.0,0.0,150.77,0.0,0.0,0.0,110.0,0.0,307.0,0.0,0.0,57.0,0.0,0.0,0.0,2031.0,0.0,39457.0,0.0,0.0,14969.0,0.0,0.0,0.0,288.0,0.0,454.0,90.0,135.0,58.0,343.48,150.77,2,35,8,0,0,5.842036033616053,5.022366216971954
596eef7c71f933d820d0e485935d0e8f,04769dac8b828ec7a85676d9e2bffe6f,Beauty & Fitness,Hair Care,"Google, Meta",US,All Territories,2022-09-01,USD,79,105,13433.882697438,5112.711113798,90,128,15860.010054278,6083.158066138,67.61,0.0,335.33,0.0,0.0,152.39,0.0,0.0,0.0,129.0,0.0,342.0,0.0,0.0,48.0,0.0,0.0,0.0,1990.0,0.0,40243.0,0.0,0.0,15789.0,0.0,0.0,0.0,335.0,0.0,479.0,871.0,131.0,62.0,402.94,152.39,3,35,9,0,0,6.0012663520802425,5.0329836977600175
596eef7c71f933d820d0e485935d0e8f,04769dac8b828ec7a85676d9e2bffe6f,Beauty & Fitness,Hair Care,"Google, Meta",US,All Territories,2022-09-02,USD,73,89,12645.988832356,5058.391055761,91,119,15614.978101355,6356.800927515,78.35,0.0,225.22,0.0,0.0,156.65,0.0,0.0,0.0,144.0,0.0,273.0,0.0,0.0,76.0,0.0,0.0,0.0,2583.0,0.0,38842.0,0.0,0.0,16122.0,0.0,0.0,0.0,289.0,0.0,484.0,628.0,153.0,44.0,303.57,156.65,4,35,9,0,0,5.718900945787902,5.06037738599107
596eef7c71f933d820d0e485935d0e8f,04769dac8b828ec7a85676d9e2bffe6f,Beauty & Fitness,Hair Care,"Google, Meta",US,All Territories,2022-09-03,USD,80,101,12591.860327299,5036.681840827,97,119,15020.842558411,6008.261210453,70.09,0.0,336.57,0.0,0.0,162.88,0.0,0.0,0.0,123.0,0.0,445.0,0.0,0.0,56.0,0.0,0.0,0.0,2219.0,0.0,52286.0,0.0,0.0,16198.0,0.0,0.0,0.0,303.0,0.0,555.0,787.0,129.0,49.0,406.65999999999997,162.88,5,35,9,1,0,6.010433493655584,5.09913445267867
596eef7c71f933d820d0e485935d0e8f,04769dac8b828ec7a85676d9e2bffe6f,Beauty & Fitness,Hair Care,"Google, Meta",US,All Territories,2022-09-04,USD,87,113,16065.892450474,6426.323348077,107,155,19604.882450474,7913.333348077,71.86,0.0,473.01,0.0,0.0,171.46,0.0,0.0,0.0,135.0,0.0,498.0,0.0,0.0,76.0,0.0,0.0,0.0,2921.0,0.0,56234.0,0.0,0.0,18793.0,0.0,0.0,0.0,289.0,0.0,584.0,909.0,143.0,45.0,544.87,171.46,6,35,9,1,0,6.302380852157639,5.150165325524179
596eef7c71f933d820d0e485935d0e8f,04769dac8b828ec7a85676d9e2bffe6f,Beauty & Fitness,Hair Care,"Google, Meta",US,All Territories,2022-09-05,USD,136,187,25009.940847082,10003.951178643,170,246,29848.651311372,11939.402887414,81.49,0.0,494.97,0.0,0.0,170.55,0.0,0.0,0.0,220.0,0.0,450.0,0.0,0.0,68.0,0.0,0.0,0.0,4102.0,0.0,56695.0,0.0,0.0,19572.0,0.0,0.0,0.0,410.0,0.0,599.0,960.0,209.0,47.0,576.46,170.55,0,36,9,0,0,6.358639175927818,5.144874769304459
596eef7c71f933d820d0e485935d0e8f,04769dac8b828ec7a85676d9e2bffe6f,Beauty & Fitness,Hair Care,"Google, Meta",US,All Territories,2022-09-06,USD,78,102,14633.914240838,5916.96519795,89,136,16868.260842239,6982.901013244,65.35,0.0,329.11,0.0,0.0,167.7,0.0,0.0,0.0,161.0,0.0,474.0,0.0,0.0,60.0,0.0,0.0,0.0,3016.0,0.0,44886.0,0.0,0.0,20437.0,0.0,0.0,0.0,353.0,0.0,476.0,768.0,195.0,53.0,394.46000000000004,167.7,1,36,9,0,0,5.980049644292683,5.128121989551922
596eef7c71f933d820d0e485935d0e8f,04769dac8b828ec7a85676d9e2bffe6f,Beauty & Fitness,Hair Care,"Google, Meta",US,All Territories,2022-09-07,USD,24,33,3808.927416919,902.263443603,29,38,4254.933550852,1036.263443603,77.47,0.0,358.91,0.0,0.0,185.02,0.0,0.0,0.0,170.0,0.0,346.0,0.0,0.0,75.0,0.0,0.0,0.0,3779.0,0.0,41248.0,0.0,0.0,20967.0,0.0,0.0,0.0,392.0,0.0,455.0,225.0,206.0,118.0,436.38,185.02,2,36,9,0,0,6.080802382460177,5.225854194814321
596eef7c71f933d820d0e485935d0e8f,04769dac8b828ec7a85676d9e2bffe6f,Beauty & Fitness,Hair Care,"Google, Meta",US,All Territories,2022-09-08,USD,22,35,4630.991316667,1241.002365649,26,39,5264.991316667,1438.002365649,79.37,0.0,394.75,0.0,0.0,184.13,0.0,0.0,0.0,168.0,0.0,361.0,0.0,0.0,123.0,0.0,0.0,0.0,6726.0,0.0,40837.0,0.0,0.0,19243.0,0.0,0.0,0.0,426.0,0.0,407.0,114.0,203.0,100.0,474.12,184.13,3,36,9,0,0,6.163567403707605,5.221058281001085
596eef7c71f933d820d0e485935d0e8f,04769dac8b828ec7a85676d9e2bffe6f,Beauty & Fitness,Hair Care,"Google, Meta",US,All Territories,2022-09-09,USD,18,22,3712.997468074,1275.803835428,20,25,3901.977468074,1384.813835428,78.99,0.0,362.64,0.0,0.0,192.86,0.0,0.0,0.0,142.0,0.0,453.0,0.0,0.0,124.0,0.0,0.0,0.0,5565.0,0.0,39555.0,0.0,0.0,18873.0,0.0,0.0,0.0,306.0,0.0,501.0,60.0,182.0,95.0,441.63,192.86,4,36,9,0,0,6.092734206612264,5.267136249064462
596eef7c71f933d820d0e485935d0e8f,04769dac8b828ec7a85676d9e2bffe6f,Beauty & Fitness,Hair Care,"Google, Meta",US,All Territories,2022-09-10,USD,18,21,2854.999041007,532.42,19,22,2983.999041007,532.42,88.34,0.0,457.44,0.0,0.0,194.46,0.0,0.0,0.0,181.0,0.0,431.0,0.0,0.0,98.0,0.0,0.0,0.0,5236.0,0.0,53531.0,0.0,0.0,18803.0,0.0,0.0,0.0,323.0,0.0,548.0,203.0,222.0,92.0,545.78,194.46,5,36,9,1,0,6.30404652773609,5.27535575491069
596eef7c71f933d820d0e485935d0e8f,04769dac8b828ec7a85676d9e2bffe6f,Beauty & Fitness,Hair Care,"Google, Meta",US,All Territories,2022-09-11,USD,30,41,4937.978812925,875.04,32,44,5114.978812925,986.05,138.48,0.0,540.82,0.0,0.0,175.95,0.0,0.0,0.0,308.0,0.0,521.0,0.0,0.0,86.0,0.0,0.0,0.0,5419.0,0.0,61389.0,2.0,0.0,18704.0,0.0,0.0,0.0,293.0,0.0,517.0,118.0,257.0,84.0,679.3000000000001,175.95,6,36,9,1,0,6.522533877351015,5.175867206791472
596eef7c71f933d820d0e485935d0e8f,04769dac8b828ec7a85676d9e2bffe6f,Beauty & Fitness,Hair Care,"Google, Meta",US,All Territories,2022-09-12,USD,21,31,3875.991943311,866.450760206,23,33,4163.991943311,959.870760206,129.44,0.0,502.39,0.0,0.0,158.62,0.0,0.0,0.0,306.0,0.0,439.0,0.0,0.0,55.0,0.0,0.0,0.0,4980.0,0.0,53870.0,0.0,0.0,18917.0,0.0,0.0,0.0,284.0,0.0,412.0,63.0,219.0,46.0,631.8299999999999,158.62,0,37,9,0,0,6.450201823673573,5.072795990447863
596eef7c71f933d820d0e485935d0e8f,04769dac8b828ec7a85676d9e2bffe6f,Beauty & Fitness,Hair Care,"Google, Meta",US,All Territories,2022-09-13,USD,26,53,5615.97,1560.2,29,58,5952.96,1635.82,109.91,0.0,416.91,0.0,0.0,154.3,0.0,0.0,0.0,228.0,0.0,495.0,0.0,0.0,61.0,0.0,0.0,0.0,5472.0,0.0,54095.0,0.0,0.0,19289.0,0.0,0.0,0.0,332.0,0.0,313.0,47.0,128.0,48.0,526.82,154.3,1,37,9,0,0,6.268755316492638,5.045358730154642
596eef7c71f933d820d0e485935d0e8f,04769dac8b828ec7a85676d9e2bffe6f,Beauty & Fitness,Hair Care,"Google, Meta",US,All Territories,2022-09-14,USD,15,32,2670.776850949,773.623438513,16,33,2799.776850949,872.633438513,79.42,0.0,254.37,0.0,0.0,167.620872033,0.0,0.0,0.0,162.0,0.0,302.0,0.0,0.0,61.0,0.0,0.0,0.0,6887.0,0.0,33789.0,1.0,0.0,19562.0,0.0,0.0,0.0,304.0,0.0,376.0,141.0,163.0,47.0,333.79,167.620872033,2,37,9,0,0,5.81350346959099,5.127652834068157
596eef7c71f933d820d0e485935d0e8f,04769dac8b828ec7a85676d9e2bffe6f,Beauty & Fitness,Hair Care,"Google, Meta",US,All Territories,2022-09-15,USD,24,30,4520.992425653,781.416856943,25,31,4709.992425653,853.236856943,84.42,0.0,286.41,0.0,0.0,173.189131526,0.0,0.0,0.0,160.0,0.0,411.0,0.0,0.0,77.0,0.0,0.0,0.0,4832.0,0.0,29812.0,0.0,0.0,18882.0,0.0,0.0,0.0,266.0,0.0,508.0,96.0,199.0,39.0,370.83000000000004,173.189131526,3,37,9,0,0,5.9184367605744255,5.160141671691305
596eef7c71f933d820d0e485935d0e8f,04769dac8b828ec7a85676d9e2bffe6f,Beauty & Fitness,Hair Care,"Google, Meta",US,All Territories,2022-09-16,USD,22,25,3651.99,573.04,27,32,4351.98,747.05,75.71,0.0,194.09,0.0,0.0,165.89,0.0,0.0,0.0,216.0,0.0,294.0,0.0,0.0,73.0,0.0,0.0,0.0,8257.0,0.0,26731.0,0.0,0.0,17684.0,0.0,0.0,0.0,250.0,0.0,378.0,106.0,120.0,34.0,269.8,165.89,4,37,9,0,0,5.60138054103812,5.117334912755312
596eef7c71f933d820d0e485935d0e8f,04769dac8b828ec7a85676d9e2bffe6f,Beauty & Fitness,Hair Care,"Google, Meta",US,All Territories,2022-09-17,USD,13,13,1721.960299006,211.897104763,16,16,1997.950299006,256.397104763,58.9,0.0,239.14,0.0,0.0,178.687987136,0.0,0.0,0.0,143.0,0.0,357.0,0.0,0.0,64.0,0.0,0.0,0.0,6536.0,0.0,28255.0,0.0,0.0,17998.0,0.0,0.0,0.0,268.0,0.0,538.0,80.0,192.0,41.0,298.03999999999996,178.687987136,5,37,9,1,0,5.700577343707253,5.1912219420057335
596eef7c71f933d820d0e485935d0e8f,04769dac8b828ec7a85676d9e2bffe6f,Beauty & Fitness,Hair Care,"Google, Meta",US,All Territories,2022-09-18,USD,25,27,4690.971723893,737.560677351,29,32,5426.971723893,1035.540677351,75.81,0.0,299.12,32.07,0.0,189.189471103,0.0,0.0,0.0,193.0,0.0,459.0,35.0,0.0,77.0,0.0,0.0,0.0,5795.0,0.0,32504.0,3482.0,0.0,20211.0,0.0,0.0,0.0,310.0,0.0,486.0,34.0,199.0,31.0,407.0,189.189471103,6,37,9,1,0,6.0112671744041615,5.248020791602169
596eef7c71f933d820d0e485935d0e8f,04769dac8b828ec7a85676d9e2bffe6f,Beauty & Fitness,Hair Care,"Google, Meta",US,All Territories,2022-09-19,USD,12,24,2479.99,599.75,12,24,2479.99,599.75,63.86,0.0,271.14,108.71,0.0,175.48,0.0,0.0,0.0,152.0,0.0,368.0,92.0,0.0,79.0,0.0,0.0,0.0,2455.0,0.0,28674.0,9398.0,0.0,19287.0,0.0,0.0,0.0,228.0,0.0,314.0,35.0,150.0,40.0,443.71,175.48,0,38,9,0,0,6.097422384333755,5.173207555505193
596eef7c71f933d820d0e485935d0e8f,04769dac8b828ec7a85676d9e2bffe6f,Beauty & Fitness,Hair Care,"Google, Meta",US,All Territories,2022-09-20,USD,19,25,3387.932988391,399.507482517,25,31,4167.932988391,474.107482517,76.94,0.0,208.84,102.2,0.0,175.34,0.0,0.0,0.0,144.0,0.0,341.0,92.0,0.0,76.0,0.0,0.0,0.0,2103.0,0.0,27458.0,11048.0,0.0,17905.0,0.0,0.0,0.0,206.0,0.0,393.0,175.0,153.0,160.0,387.97999999999996,175.34,1,38,9,0,0,5.963527928414959,5.172413949658881
596eef7c71f933d820d0e485935d0e8f,04769dac8b828ec7a85676d9e2bffe6f,Beauty & Fitness,Hair Care,"Google, Meta",US,All Territories,2022-09-21,USD,22,27,4194.958128369,801.288723259,25,32,4537.948128369,826.088723259,83.88,0.0,226.87,102.3,0.0,129.74,0.0,0.0,0.0,125.0,0.0,410.0,166.0,0.0,68.0,0.0,0.0,0.0,1824.0,0.0,26913.0,16091.0,0.0,10739.0,0.0,0.0,0.0,252.0,0.0,458.0,113.0,197.0,73.0,413.05,129.74,2,38,9,0,0,6.025986739479709,4.873210618184584
596eef7c71f933d820d0e485935d0e8f,04769dac8b828ec7a85676d9e2bffe6f,Beauty & Fitness,Hair Care,"Google, Meta",US,All Territories,2022-09-22,USD,21,24,3296.97,582.99,24,27,3549.96,662.59,71.73,0.0,485.28,10.29,0.0,123.14,0.0,0.0,0.0,150.0,0.0,443.0,30.0,0.0,83.0,0.0,0.0,0.0,2168.0,0.0,41995.0,2076.0,0.0,7215.0,0.0,0.0,0.0,216.0,0.0,382.0,46.0,166.0,44.0,567.3,123.14,3,38,9,0,0,6.342649448303075,4.821409960985506
596eef7c71f933d820d0e485935d0e8f,04769dac8b828ec7a85676d9e2bffe6f,Beauty & Fitness,Hair Care,"Google, Meta",US,All Territories,2022-09-23,USD,26,33,4699.991392476,1086.700809072,29,36,5009.991392476,1235.710809072,50.35,0.0,568.31,40.69,0.0,176.61,0.0,0.0,0.0,92.0,0.0,465.0,31.0,0.0,99.0,0.0,0.0,0.0,769.0,0.0,60542.0,4037.0,0.0,9356.0,0.0,0.0,0.0,266.0,0.0,417.0,37.0,202.0,58.0,659.3499999999999,176.61,4,38,9,0,0,6.492769997489813,5.179590135279236
596eef7c71f933d820d0e485935d0e8f,04769dac8b828ec7a85676d9e2bffe6f,Beauty & Fitness,Hair Care,"Google, Meta",US,All Territories,2022-09-24,USD,15,16,2080.962062373,329.49,17,18,2259.951970616,329.49,71.98,0.0,411.38,19.68,0.0,179.85,0.0,0.0,0.0,100.0,0.0,544.0,13.0,0.0,85.0,0.0,0.0,0.0,944.0,0.0,50499.0,3132.0,0.0,9266.0,0.0,0.0,0.0,250.0,0.0,563.0,21.0,168.0,48.0,503.04,179.85,5,38,9,1,0,6.222655630001492,5.197667958398107
596eef7c71f933d820d0e485935d0e8f,04769dac8b828ec7a85676d9e2bffe6f,Beauty & Fitness,Hair Care,"Google, Meta",US,All Territories,2022-09-25,USD,30,39,6041.956157628,1174.690913066,31,40,6240.956677596,1224.691265605,75.87,0.0,451.96,20.44,0.0,165.55,0.0,0.0,0.0,137.0,0.0,474.0,26.0,0.0,72.0,0.0,0.0,0.0,1160.0,0.0,60479.0,4594.0,0.0,8043.0,0.0,0.0,0.0,239.0,0.0,449.0,26.0,193.0,40.0,548.27,165.55,6,38,9,1,0,6.308590123892623,5.1152955646396885
596eef7c71f933d820d0e485935d0e8f,04769dac8b828ec7a85676d9e2bffe6f,Beauty & Fitness,Hair Care,"Google, Meta",US,All Territories,2022-09-26,USD,24,27,3996.003615064,856.298528726,25,28,4245.003615064,1030.308528726,54.18,0.0,118.75,19.36,0.0,156.57,0.0,0.0,0.0,91.0,0.0,217.0,45.0,0.0,54.0,0.0,0.0,0.0,796.0,0.0,26178.0,18577.0,0.0,7254.0,0.0,0.0,0.0,236.0,0.0,413.0,30.0,164.0,46.0,192.29000000000002,156.57,0,39,9,0,0,5.264191651818661,5.059869803973954
596eef7c71f933d820d0e485935d0e8f,04769dac8b828ec7a85676d9e2bffe6f,Beauty & Fitness,Hair Care,"Google, Meta",US,All Territories,2022-09-27,USD,21,25,3438.978845547,697.54779532,23,32,3721.978845547,735.64779532,45.23,0.0,438.85,19.31,0.0,156.02,0.0,0.0,0.0,72.0,0.0,335.0,71.0,0.0,51.0,0.0,0.0,0.0,971.0,0.0,38469.0,32377.0,0.0,7053.0,0.0,0.0,0.0,296.0,0.0,373.0,275.0,163.0,55.0,503.39000000000004,156.02,1,39,9,0,0,6.223349778358947,5.056373185770109
596eef7c71f933d820d0e485935d0e8f,04769dac8b828ec7a85676d9e2bffe6f,Beauty & Fitness,Hair Care,"Google, Meta",US,All Territories,2022-09-28,USD,21,28,4156.004216417,782.197946945,25,34,4545.994216417,843.097946945,53.45,0.0,262.33,25.0,0.0,162.14,0.0,0.0,0.0,104.0,0.0,285.0,130.0,0.0,74.0,0.0,0.0,0.0,1698.0,0.0,39051.0,63332.0,0.0,8934.0,0.0,0.0,0.0,275.0,0.0,392.0,161.0,188.0,47.0,340.78,162.14,2,39,9,0,0,5.8341672552187624,5.094608727872434
596eef7c71f933d820d0e485935d0e8f,04769dac8b828ec7a85676d9e2bffe6f,Beauty & Fitness,Hair Care,"Google, Meta",US,All Territories,2022-09-29,USD,19,22,3407.996543477,442.502226788,21,24,3806.003060142,587.20117297,52.82,0.0,147.06,18.98,0.0,156.42,0.0,0.0,0.0,89.0,0.0,273.0,111.0,0.0,62.0,0.0,0.0,0.0,2971.0,0.0,25959.0,50210.0,0.0,6458.0,0.0,0.0,0.0,241.0,0.0,355.0,38.0,182.0,45.0,218.85999999999999,156.42,3,39,9,0,0,5.392990980150717,5.058917392714304
596eef7c71f933d820d0e485935d0e8f,04769dac8b828ec7a85676d9e2bffe6f,Beauty & Fitness,Hair Care,"Google, Meta",US,All Territories,2022-09-30,USD,20,23,3485.969296643,240.0,28,32,4770.968593286,287.25,56.8,0.0,256.31,9.7,0.0,152.46,0.0,0.0,0.0,124.0,0.0,336.0,20.0,0.0,53.0,0.0,0.0,0.0,2722.0,0.0,33545.0,3047.0,0.0,6522.0,0.0,0.0,0.0,256.0,0.0,382.0,969.0,179.0,62.0,322.81,152.46,4,39,9,0,0,5.780156924027929,5.033439946749519
596eef7c71f933d820d0e485935d0e8f,04769dac8b828ec7a85676d9e2bffe6f,Beauty & Fitness,Hair Care,"Google, Meta",US,All Territories,2022-10-01,USD,33,47,6316.979985622,956.89894941,36,50,6761.979282265,961.59894941,66.88,0.0,266.44,6.35,0.0,167.29,0.0,0.0,0.0,114.0,0.0,388.0,13.0,0.0,66.0,0.0,0.0,0.0,1867.0,0.0,43213.0,1564.0,0.0,7379.0,0.0,0.0,0.0,261.0,0.0,469.0,560.0,202.0,72.0,339.67,167.29,5,39,10,1,0,5.830914266783482,5.125688681724982
596eef7c71f933d820d0e485935d0e8f,04769dac8b828ec7a85676d9e2bffe6f,Beauty & Fitness,Hair Care,"Google, Meta",US,All Territories,2022-10-02,USD,41,51,7032.938967593,971.40232901,51,64,8828.938967593,1046.90232901,65.35,0.0,359.6,3.99,0.0,132.07,0.0,0.0,0.0,122.0,0.0,454.0,9.0,0.0,45.0,0.0,0.0,0.0,1149.0,0.0,51196.0,1050.0,0.0,5530.0,0.0,0.0,0.0,1820.0,0.0,147.0,425.0,69.0,66.0,428.94000000000005,132.07,6,39,10,1,0,6.06364566406799,4.890875305555651
596eef7c71f933d820d0e485935d0e8f,04769dac8b828ec7a85676d9e2bffe6f,Beauty & Fitness,Hair Care,"Google, Meta",US,All Territories,2022-10-03,USD,25,27,4816.001440487,949.800052009,27,29,5037.001440487,949.800052009,49.49,0.0,251.66,14.83,0.0,130.14,0.0,0.0,0.0,73.0,0.0,318.0,131.0,0.0,52.0,0.0,0.0,0.0,728.0,0.0,35960.0,68064.0,0.0,7178.0,0.0,0.0,0.0,242.0,0.0,343.0,326.0,203.0,49.0,315.97999999999996,130.14,0,40,10,0,0,5.7588386804042795,4.876265454835473
596eef7c71f933d820d0e485935d0e8f,04769dac8b828ec7a85676d9e2bffe6f,Beauty & Fitness,Hair Care,"Google, Meta",US,All Territories,2022-10-04,USD,31,34,5263.972148073,987.090556919,34,37,5650.972148073,1154.900556919,51.3,0.0,290.38,41.87,0.0,130.95,0.0,0.0,0.0,69.0,0.0,369.0,308.0,0.0,63.0,0.0,0.0,0.0,755.0,0.0,37063.0,160858.0,0.0,7568.0,0.0,0.0,0.0,278.0,0.0,308.0,262.0,175.0,47.0,383.55,130.95,1,40,10,0,0,5.952073819503063,4.882423062949333
596eef7c71f933d820d0e485935d0e8f,04769dac8b828ec7a85676d9e2bffe6f,Beauty & Fitness,Hair Care,"Google, Meta",US,All Territories,2022-10-05,USD,15,18,2945.995438534,479.896324995,21,26,4400.995438534,576.396324995,45.72,0.0,283.07,2.04,0.0,128.16,0.0,0.0,0.0,64.0,0.0,387.0,14.0,0.0,40.0,0.0,0.0,0.0,852.0,0.0,33979.0,8947.0,0.0,6621.0,0.0,0.0,0.0,223.0,0.0,352.0,146.0,170.0,51.0,330.83,128.16,2,40,10,0,0,5.804622789582273,4.8610519458900745
596eef7c71f933d820d0e485935d0e8f,04769dac8b828ec7a85676d9e2bffe6f,Beauty & Fitness,Hair Care,"Google, Meta",US,All Territories,2022-10-06,USD,16,18,2601.98301445,554.49,19,21,3148.98301445,609.19,48.67,0.0,186.08,1.14,0.0,126.81,0.0,0.0,0.0,63.0,0.0,311.0,4.0,0.0,54.0,0.0,0.0,0.0,758.0,0.0,28047.0,283.0,0.0,5654.0,0.0,0.0,0.0,247.0,0.0,354.0,88.0,135.0,46.0,235.89,126.81,3,40,10,0,0,5.4675958983700355,4.850544786143623
596eef7c71f933d820d0e485935d0e8f,04769dac8b828ec7a85676d9e2bffe6f,Beauty & Fitness,Hair Care,"Google, Meta",US,All Territories,2022-10-07,USD,23,27,3877.981493874,917.387105584,24,28,3966.981493874,976.397105584,65.14,0.0,248.45,5.69,0.0,122.73,0.0,0.0,0.0,74.0,0.0,384.0,38.0,0.0,62.0,0.0,0.0,0.0,886.0,0.0,37944.0,7439.0,0.0,5843.0,0.0,0.0,0.0,199.0,24.0,407.0,57.0,142.0,53.0,319.28,122.73,4,40,10,0,0,5.769195613204433,4.8181017722258845
596eef7c71f933d820d0e485935d0e8f,04769dac8b828ec7a85676d9e2bffe6f,Beauty & Fitness,Hair Care,"Google, Meta",US,All Territories,2022-10-08,USD,17,20,2738.980041077,502.037105584,19,22,3066.980041077,541.837105584,56.74,0.0,260.54,40.86,0.0,113.6,0.0,0.0,0.0,74.0,0.0,545.0,302.0,0.0,40.0,0.0,0.0,0.0,963.0,0.0,39522.0,130311.0,0.0,6136.0,0.0,0.0,0.0,193.0,39.0,493.0,397.0,140.0,90.0,358.14000000000004,113.6,5,40,10,1,0,5.883712284613752,4.741447804280639
596eef7c71f933d820d0e485935d0e8f,04769dac8b828ec7a85676d9e2bffe6f,Beauty & Fitness,Hair Care,"Google, Meta",US,All Territories,2022-10-09,USD,28,34,5357.960123231,1304.63077495,32,38,5956.961235113,1573.292916561,58.7,0.0,311.58,0.77,0.0,137.12,0.0,0.0,0.0,85.0,0.0,462.0,3.0,0.0,63.0,0.0,0.0,0.0,778.0,0.0,40268.0,800.0,0.0,7149.0,0.0,0.0,0.0,237.0,53.0,404.0,108.0,196.0,88.0,371.04999999999995,137.12,6,40,10,1,0,5.91902825384327,4.928122872521792
596eef7c71f933d820d0e485935d0e8f,04769dac8b828ec7a85676d9e2bffe6f,Beauty & Fitness,Hair Care,"Google, Meta",US,All Territories,2022-10-10,USD,28,30,4676.928523207,1345.129846033,29,31,4723.928523207,1349.829846033,57.38,0.0,244.37,1.13,0.0,134.32,0.0,0.0,0.0,77.0,0.0,347.0,6.0,0.0,49.0,0.0,0.0,0.0,642.0,0.0,35331.0,440.0,0.0,6295.0,0.0,0.0,0.0,243.0,49.0,348.0,79.0,188.0,91.0,302.88,134.32,0,41,10,0,0,5.716632886635021,4.907642343912507
596eef7c71f933d820d0e485935d0e8f,04769dac8b828ec7a85676d9e2bffe6f,Beauty & Fitness,Hair Care,"Google, Meta",US,All Territories,2022-10-11,USD,24,29,4372.073606596,1032.588988605,26,33,4842.073606596,1197.088988605,50.85,0.0,218.0,38.64,0.0,138.639307533,0.0,0.0,0.0,70.0,0.0,353.0,330.0,0.0,50.0,0.0,0.0,0.0,684.0,0.0,36028.0,129657.0,0.0,6308.0,0.0,0.0,0.0,267.0,56.0,452.0,53.0,170.0,114.0,307.49,138.639307533,1,41,10,0,0,5.731689427909209,4.939062723280111
596eef7c71f933d820d0e485935d0e8f,04769dac8b828ec7a85676d9e2bffe6f,Beauty & Fitness,Hair Care,"Google, Meta",US,All Territories,2022-10-12,USD,32,42,5702.972782195,1541.932031548,36,49,6550.952782195,1803.032031548,47.8,0.0,223.81,25.69,0.0,153.819214251,0.0,0.0,0.0,59.0,0.0,316.0,223.0,0.0,60.0,0.0,0.0,0.0,497.0,0.0,39457.0,109245.0,0.0,8071.0,0.0,0.0,0.0,236.0,63.0,380.0,540.0,184.0,135.0,297.3,153.819214251,2,41,10,0,0,5.698099691520703,5.042258076521471
596eef7c71f933d820d0e485935d0e8f,04769dac8b828ec7a85676d9e2bffe6f,Beauty & Fitness,Hair Care,"Google, Meta",US,All Territories,2022-10-13,USD,27,32,4769.97,1465.59,35,47,6207.96,1955.84,40.35,0.0,250.93,40.14,0.0,139.7,0.0,0.0,0.0,83.0,0.0,417.0,321.0,0.0,52.0,0.0,0.0,0.0,589.0,0.0,48890.0,158427.0,0.0,6846.0,0.0,0.0,0.0,211.0,22.0,333.0,209.0,187.0,59.0,331.42,139.7,3,41,10,0,0,5.806399229642964,4.946629964120343
596eef7c71f933d820d0e485935d0e8f,04769dac8b828ec7a85676d9e2bffe6f,Beauty & Fitness,Hair Care,"Google, Meta",US,All Territories,2022-10-14,USD,28,39,5127.91,1165.09,31,43,5560.91,1242.09,41.3,0.0,255.74,28.85,0.0,141.11,0.0,0.0,0.0,87.0,0.0,367.0,251.0,0.0,64.0,0.0,0.0,0.0,478.0,0.0,48775.0,99338.0,0.0,6856.0,0.0,0.0,0.0,178.0,3.0,389.0,92.0,143.0,39.0,325.89000000000004,141.11,4,41,10,0,0,5.7896237228676535,4.95660140560377
596eef7c71f933d820d0e485935d0e8f,04769dac8b828ec7a85676d9e2bffe6f,Beauty & Fitness,Hair Care,"Google, Meta",US,All Territories,2022-10-15,USD,29,34,5313.988594525,1236.03742964,37,42,6436.988547043,1536.437533157,42.16,0.0,240.84,30.55,0.0,149.817606363,0.0,0.0,0.0,86.0,0.0,398.0,278.0,0.0,61.0,0.0,0.0,0.0,616.0,0.0,49134.0,97163.0,0.0,8477.0,0.0,0.0,0.0,213.0,9.0,549.0,432.0,275.0,57.0,313.55,149.817606363,5,41,10,1,0,5.751143046016039,5.016071201829038
596eef7c71f933d820d0e485935d0e8f,04769dac8b828ec7a85676d9e2bffe6f,Beauty & Fitness,Hair Care,"Google, Meta",US,All Territories,2022-10-16,USD,37,41,6352.967109442,1751.229710924,41,46,6863.967109442,1893.329710924,33.95,0.0,351.59,32.75,0.0,144.70855135,0.0,0.0,0.0,86.0,0.0,415.0,297.0,0.0,78.0,0.0,0.0,0.0,614.0,0.0,49993.0,104236.0,0.0,8034.0,0.0,0.0,0.0,215.0,0.0,476.0,166.0,316.0,45.0,418.28999999999996,144.70855135,6,41,10,1,0,6.038562804619721,4.981608402968242
596eef7c71f933d820d0e485935d0e8f,04769dac8b828ec7a85676d9e2bffe6f,Beauty & Fitness,Hair Care,"Google, Meta",US,All Territories,2022-10-17,USD,28,36,5546.978041341,1647.728103445,31,40,6272.978041341,1901.828103445,35.14,0.0,228.31,23.59,0.0,132.819197592,0.0,0.0,0.0,71.0,0.0,337.0,214.0,0.0,57.0,0.0,0.0,0.0,599.0,0.0,37069.0,72752.0,0.0,7259.0,0.0,0.0,0.0,253.0,0.0,393.0,88.0,290.0,46.0,287.03999999999996,132.819197592,0,42,10,0,0,5.6630993593806656,4.896489617162729
596eef7c71f933d820d0e485935d0e8f,04769dac8b828ec7a85676d9e2bffe6f,Beauty & Fitness,Hair Care,"Google, Meta",US,All Territories,2022-10-18,USD,35,46,7166.983292165,1991.851841647,40,51,7846.983292165,2148.951841647,48.23,0.0,227.58,30.86,0.0,160.528025844,0.0,0.0,0.0,96.0,0.0,306.0,250.0,0.0,115.0,0.0,0.0,0.0,749.0,0.0,40879.0,96398.0,0.0,10057.0,0.0,0.0,0.0,282.0,0.0,415.0,419.0,266.0,51.0,306.67,160.528025844,1,42,10,0,0,5.729027780012239,5.084678662245088
596eef7c71f933d820d0e485935d0e8f,04769dac8b828ec7a85676d9e2bffe6f,Beauty & Fitness,Hair Care,"Google, Meta",US,All Territories,2022-10-19,USD,31,35,5848.978771892,1690.246616991,38,44,6905.982292763,2013.704582141,49.75,0.0,248.96,2.82,0.0,185.106725692,0.0,0.0,0.0,93.0,0.0,333.0,24.0,0.0,97.0,0.0,0.0,0.0,960.0,0.0,54461.0,5997.0,0.0,12943.0,0.0,0.0,0.0,299.0,0.0,495.0,250.0,347.0,52.0,301.53000000000003,185.106725692,2,42,10,0,0,5.712180446107244,5.226320303199355
596eef7c71f933d820d0e485935d0e8f,04769dac8b828ec7a85676d9e2bffe6f,Beauty & Fitness,Hair Care,"Google, Meta",US,All Territories,2022-10-20,USD,34,42,5868.958279354,1582.488549618,38,47,6507.958279354,1878.498549618,63.71,0.0,255.55,0.28,0.0,177.990950355,0.0,0.0,0.0,95.0,0.0,385.0,3.0,0.0,40.0,0.0,0.0,0.0,1224.0,0.0,60327.0,2033.0,0.0,8515.0,0.0,0.0,0.0,253.0,0.0,463.0,170.0,312.0,36.0,319.53999999999996,177.990950355,3,42,10,0,0,5.770007073565429,5.187335247886746
596eef7c71f933d820d0e485935d0e8f,04769dac8b828ec7a85676d9e2bffe6f,Beauty & Fitness,Hair Care,"Google, Meta",US,All Territories,2022-10-21,USD,30,33,5556.988461761,1811.802318916,33,38,6070.988461761,2004.552318916,57.59,0.0,201.98,13.59,0.0,176.017711278,0.0,0.0,0.0,106.0,0.0,314.0,111.0,0.0,56.0,0.0,0.0,0.0,1137.0,0.0,51712.0,36291.0,0.0,8656.0,0.0,0.0,0.0,209.0,0.0,462.0,90.0,305.0,37.0,273.15999999999997,176.017711278,4,42,10,0,0,5.613711877566353,5.176249791285303
596eef7c71f933d820d0e485935d0e8f,04769dac8b828ec7a85676d9e2bffe6f,Beauty & Fitness,Hair Care,"Google, Meta",US,All Territories,2022-10-22,USD,33,45,6824.979779213,1876.099580416,38,53,7526.949779213,2095.899580416,72.53,0.0,257.43,38.22,0.0,173.566510601,0.0,0.0,0.0,100.0,0.0,362.0,312.0,0.0,66.0,0.0,0.0,0.0,1733.0,0.0,53887.0,114431.0,0.0,9991.0,0.0,0.0,0.0,210.0,0.0,512.0,357.0,400.0,43.0,368.18000000000006,173.566510601,5,42,10,1,0,5.911284329980454,5.162305818599365
596eef7c71f933d820d0e485935d0e8f,04769dac8b828ec7a85676d9e2bffe6f,Beauty & Fitness,Hair Care,"Google, Meta",US,All Territories,2022-10-23,USD,36,44,6402.970845327,1646.742312288,40,50,6842.970845327,1847.802312288,71.76,0.0,328.97,42.87,0.0,186.786829358,0.0,0.0,0.0,116.0,0.0,468.0,358.0,0.0,64.0,0.0,0.0,0.0,1332.0,0.0,54635.0,123773.0,0.0,12327.0,0.0,0.0,0.0,219.0,4.0,496.0,136.0,448.0,51.0,443.6,186.786829358,6,42,10,1,0,6.097175001530096,5.235307433100797
596eef7c71f933d820d0e485935d0e8f,04769dac8b828ec7a85676d9e2bffe6f,Beauty & Fitness,Hair Care,"Google, Meta",US,All Territories,2022-10-24,USD,35,47,7792.995228143,2182.662117116,39,52,8538.998132262,2329.312117116,59.62,0.0,210.31,12.8,0.0,180.817913743,0.0,0.0,0.0,87.0,0.0,381.0,104.0,0.0,50.0,0.0,0.0,0.0,1205.0,0.0,39619.0,39465.0,0.0,11322.0,0.0,0.0,0.0,253.0,2.0,443.0,86.0,402.0,56.0,282.73,180.817913743,0,43,10,0,0,5.64802308172996,5.203005712329125
596eef7c71f933d820d0e485935d0e8f,04769dac8b828ec7a85676d9e2bffe6f,Beauty & Fitness,Hair Care,"Google, Meta",US,All Territories,2022-10-25,USD,53,57,10557.989412966,3106.000697896,59,68,11408.987809618,3357.446832119,55.21,0.0,422.53,5.44,0.0,179.699009308,0.0,0.0,0.0,87.0,0.0,577.0,44.0,0.0,51.0,0.0,0.0,0.0,1298.0,0.0,54661.0,14074.0,0.0,10880.0,0.0,0.0,0.0,295.0,4.0,410.0,401.0,437.0,59.0,483.17999999999995,179.699009308,1,43,10,0,0,6.182456738405107,5.196832715059634
596eef7c71f933d820d0e485935d0e8f,04769dac8b828ec7a85676d9e2bffe6f,Beauty & Fitness,Hair Care,"Google, Meta",US,All Territories,2022-10-26,USD,35,41,7222.98461459,2340.007176474,39,46,7893.975488038,2533.663792881,69.73,0.0,310.45,1.97,0.0,173.602123564,0.0,0.0,0.0,116.0,0.0,403.0,16.0,0.0,47.0,0.0,0.0,0.0,2822.0,0.0,53369.0,7996.0,0.0,10759.0,0.0,0.0,0.0,272.0,0.0,432.0,210.0,393.0,40.0,382.15000000000003,173.602123564,2,43,10,0,0,5.948426557416413,5.162509805782857
596eef7c71f933d820d0e485935d0e8f,04769dac8b828ec7a85676d9e2bffe6f,Beauty & Fitness,Hair Care,"Google, Meta",US,All Territories,2022-10-27,USD,42,55,7076.941737833,2139.012799124,48,65,8191.941737833,2535.472799124,88.48,0.0,370.34,2.71,0.0,173.827255011,0.0,0.0,0.0,142.0,0.0,418.0,22.0,0.0,73.0,0.0,0.0,0.0,3519.0,0.0,57586.0,9478.0,0.0,15358.0,0.0,0.0,0.0,289.0,9.0,430.0,253.0,322.0,74.0,461.53,173.827255011,3,43,10,0,0,6.13671141971371,5.163798372182562
596eef7c71f933d820d0e485935d0e8f,04769dac8b828ec7a85676d9e2bffe6f,Beauty & Fitness,Hair Care,"Google, Meta",US,All Territories,2022-10-28,USD,34,42,6146.959760492,1449.546913532,37,67,6927.959760492,1799.756913532,83.06,0.0,264.33,3.74,0.0,169.900327358,0.0,0.0,0.0,120.0,0.0,368.0,30.0,0.0,75.0,0.0,0.0,0.0,3176.0,0.0,50484.0,13522.0,0.0,11160.0,0.0,0.0,0.0,220.0,34.0,563.0,119.0,416.0,73.0,351.13,169.900327358,4,43,10,0,0,5.864000425598742,5.141080505614152
596eef7c71f933d820d0e485935d0e8f,04769dac8b828ec7a85676d9e2bffe6f,Beauty & Fitness,Hair Care,"Google, Meta",US,All Territories,2022-10-29,USD,38,45,7695.000177406,2336.401161371,53,74,10706.000962992,3213.19884581,121.06,0.0,311.61,11.39,0.0,170.619388153,0.0,0.0,0.0,131.0,0.0,420.0,93.0,0.0,76.0,0.0,0.0,0.0,4687.0,0.0,58328.0,33852.0,0.0,13309.0,0.0,0.0,0.0,274.0,66.0,584.0,437.0,387.0,121.0,444.06,170.619388153,5,43,10,1,0,6.09820910453797,5.145279165246178
596eef7c71f933d820d0e485935d0e8f,04769dac8b828ec7a85676d9e2bffe6f,Beauty & Fitness,Hair Care,"Google, Meta",US,All Territories,2022-10-30,USD,32,35,5883.970074252,1479.500126719,36,43,6352.970074252,1643.650126719,147.91,0.0,321.72,16.36,0.0,186.057798129,0.0,0.0,0.0,161.0,0.0,407.0,137.0,0.0,98.0,0.0,0.0,0.0,4282.0,0.0,60529.0,35578.0,0.0,14932.0,0.0,0.0,0.0,307.0,41.0,508.0,196.0,361.0,78.0,485.99,186.057798129,6,43,10,1,0,6.188243588990863,5.231417650002667
596eef7c71f933d820d0e485935d0e8f,04769dac8b828ec7a85676d9e2bffe6f,Beauty & Fitness,Hair Care,"Google, Meta",US,All Territories,2022-10-31,USD,32,36,5656.967013735,1598.62823972,45,63,7904.961775949,2306.829854039,109.62,0.0,216.59,14.3,0.0,176.9,0.0,0.0,0.0,145.0,0.0,293.0,118.0,0.0,85.0,0.0,0.0,0.0,3851.0,0.0,45568.0,36581.0,0.0,14736.0,0.0,0.0,0.0,242.0,27.0,388.0,340.0,236.0,74.0,340.51000000000005,176.9,0,44,10,0,0,5.833376961158986,5.18122159467179
596eef7c71f933d820d0e485935d0e8f,04769dac8b828ec7a85676d9e2bffe6f,Beauty & Fitness,Hair Care,"Google, Meta",US,All Territories,2022-11-01,USD,37,43,7145.990433057,2086.586598684,39,47,7296.990433057,2101.686598684,120.34,0.0,255.74,33.42,23.24,198.517943946,0.0,0.0,0.0,155.0,0.0,322.0,283.0,14.0,124.0,0.0,0.0,0.0,3572.0,0.0,42951.0,94048.0,3593.0,13727.0,0.0,0.0,0.0,259.0,28.0,305.0,160.0,228.0,66.0,432.74000000000007,198.517943946,1,44,11,0,0,6.072445276240261,5.295904176876625
596eef7c71f933d820d0e485935d0e8f,04769dac8b828ec7a85676d9e2bffe6f,Beauty & Fitness,Hair Care,"Google, Meta",US,All Territories,2022-11-02,USD,20,25,3421.0,802.7,21,26,3630.0,823.6,133.97,0.0,243.07,2.41,36.56,180.74,0.0,0.0,0.0,161.0,0.0,286.0,20.0,16.0,89.0,0.0,0.0,0.0,4085.0,0.0,41193.0,4157.0,1383.0,10574.0,0.0,0.0,0.0,224.0,22.0,351.0,87.0,172.0,57.0,416.01,180.74,2,44,11,0,0,6.033110202326614,5.202577094267201
596eef7c71f933d820d0e485935d0e8f,04769dac8b828ec7a85676d9e2bffe6f,Beauty & Fitness,Hair Care,"Google, Meta",US,All Territories,2022-11-03,USD,15,18,3197.998861278,848.898296096,18,21,3784.998861278,1107.908296096,158.888309351,0.0,249.602300849,0.0,49.95,192.547431547,0.0,0.0,0.0,166.0,0.0,317.0,0.0,17.0,108.0,0.0,0.0,0.0,5725.0,0.0,43530.0,0.0,3450.0,12467.0,0.0,0.0,0.0,254.0,38.0,445.0,62.0,192.0,65.0,458.4406102,192.547431547,3,44,11,0,0,6.130009684693762,5.265522606705692
596eef7c71f933d820d0e485935d0e8f,04769dac8b828ec7a85676d9e2bffe6f,Beauty & Fitness,Hair Care,"Google, Meta",US,All Territories,2022-11-04,USD,28,34,5143.983498872,884.943096734,29,35,5342.983498872,1053.953096734,169.673371545,0.0,391.760205174,0.0,27.75,196.647557657,0.0,0.0,0.0,202.0,0.0,592.0,0.0,9.0,111.0,0.0,0.0,0.0,7791.0,0.0,52465.0,0.0,1513.0,11900.0,0.0,0.0,0.0,285.0,46.0,434.0,128.0,125.0,104.0,589.183576719,196.647557657,4,44,11,0,0,6.380433635484938,5.2864854327576705
596eef7c71f933d820d0e485935d0e8f,04769dac8b828ec7a85676d9e2bffe6f,Beauty & Fitness,Hair Care,"Google, Meta",US,All Territories,2022-11-05,USD,21,27,4173.981446725,780.25,22,28,4382.981446725,842.95,183.019686544,0.0,394.758047601,0.0,23.13,196.371506565,0.0,0.0,0.0,182.0,0.0,695.0,0.0,12.0,178.0,0.0,0.0,0.0,9388.0,0.0,69779.0,0.0,1862.0,16297.0,0.0,0.0,0.0,319.0,32.0,505.0,63.0,114.0,66.0,600.907734145,196.371506565,5,44,11,1,0,6.400104168022591,5.285087772938485
596eef7c71f933d820d0e485935d0e8f,04769dac8b828ec7a85676d9e2bffe6f,Beauty & Fitness,Hair Care,"Google, Meta",US,All Territories,2022-11-06,USD,19,19,3156.986532085,748.11,21,21,3554.986532085,837.66,151.144856623,0.0,469.309189913,0.0,22.52,189.478620484,0.0,0.0,0.0,166.0,0.0,759.0,0.0,17.0,153.0,0.0,0.0,0.0,9975.0,0.0,77169.0,0.0,2699.0,17879.0,0.0,0.0,0.0,283.0,41.0,496.0,47.0,145.0,84.0,642.9740465360001,189.478620484,6,44,11,1,0,6.467658424882332,5.249539959838228
596eef7c71f933d820d0e485935d0e8f,04769dac8b828ec7a85676d9e2bffe6f,Beauty & Fitness,Hair Care,"Google, Meta",US,All Territories,2022-11-07,USD,25,38,4869.977571977,1572.402423806,30,45,5616.977571977,1818.452423806,148.405166915,0.0,353.001144153,0.0,23.34,177.88,0.0,0.0,0.0,180.0,0.0,490.0,0.0,12.0,109.0,0.0,0.0,0.0,8001.0,0.0,57946.0,0.0,2274.0,15175.0,0.0,0.0,0.0,307.0,49.0,378.0,376.0,105.0,92.0,524.746311068,177.88,0,45,11,0,0,6.264818798044641,5.186715189966734
596eef7c71f933d820d0e485935d0e8f,04769dac8b828ec7a85676d9e2bffe6f,Beauty & Fitness,Hair Care,"Google, Meta",US,All Territories,2022-11-08,USD,29,30,4537.977777582,1261.303275676,32,34,5383.98299462,1557.399140722,131.360754801,0.0,274.307535473,0.0,21.03,172.09,0.0,0.0,0.0,166.0,0.0,459.0,0.0,25.0,133.0,0.0,0.0,0.0,8684.0,0.0,53197.0,0.0,4700.0,14515.0,0.0,0.0,0.0,420.0,36.0,360.0,194.0,160.0,77.0,426.698290274,172.09,1,45,11,0,0,6.0584180177359785,5.153811690438308
596eef7c71f933d820d0e485935d0e8f,04769dac8b828ec7a85676d9e2bffe6f,Beauty & Fitness,Hair Care,"Google, Meta",US,All Territories,2022-11-09,USD,43,52,8209.974803604,2153.962625779,48,57,8886.955386552,2362.912625779,156.65495417,0.0,215.235083579,0.0,22.33,173.390351584,0.0,0.0,0.0,182.0,0.0,458.0,0.0,12.0,126.0,0.0,0.0,0.0,7995.0,0.0,46032.0,0.0,1397.0,14974.0,0.0,0.0,0.0,381.0,57.0,407.0,242.0,124.0,106.0,394.22003774899997,173.390351584,2,45,11,0,0,5.979442667394543,5.16129618645824
596eef7c71f933d820d0e485935d0e8f,04769dac8b828ec7a85676d9e2bffe6f,Beauty & Fitness,Hair Care,"Google, Meta",US,All Territories,2022-11-10,USD,27,31,4759.991835993,1188.153453089,34,40,6333.989466642,1818.702200411,159.802150704,0.0,234.567643345,0.0,20.96,177.80832101,0.0,0.0,0.0,176.0,0.0,449.0,0.0,20.0,128.0,0.0,0.0,0.0,7911.0,0.0,44317.0,0.0,4640.0,14931.0,0.0,0.0,0.0,317.0,45.0,405.0,111.0,106.0,81.0,415.329794049,177.80832101,3,45,11,0,0,6.031477720338067,5.186314399743799
596eef7c71f933d820d0e485935d0e8f,04769dac8b828ec7a85676d9e2bffe6f,Beauty & Fitness,Hair Care,"Google, Meta",US,All Territories,2022-11-11,USD,21,29,4294.990224166,1216.400193253,25,33,5060.990224166,1355.700193253,150.651141401,0.0,489.113904686,0.0,24.55,184.426614103,0.0,0.0,0.0,173.0,0.0,576.0,0.0,10.0,116.0,0.0,0.0,0.0,11220.0,0.0,61861.0,0.0,1176.0,15049.0,0.0,0.0,0.0,403.0,39.0,541.0,285.0,150.0,81.0,664.3150460869999,184.426614103,4,45,11,0,0,6.500260681984375,5.22265919246811
596eef7c71f933d820d0e485935d0e8f,04769dac8b828ec7a85676d9e2bffe6f,Beauty & Fitness,Hair Care,"Google, Meta",US,All Territories,2022-11-12,USD,30,36,5239.976252983,1049.15,34,41,5676.979129957,1118.8,181.513231912,0.0,802.178866497,0.0,21.7,172.682377963,0.0,0.0,0.0,233.0,0.0,678.0,0.0,14.0,150.0,0.0,0.0,0.0,9978.0,0.0,90340.0,0.0,2344.0,13884.0,0.0,0.0,0.0,374.0,63.0,518.0,155.0,127.0,185.0,1005.392098409,172.682377963,5,45,11,1,0,6.914127034572946,5.1572282171103465
596eef7c71f933d820d0e485935d0e8f,04769dac8b828ec7a85676d9e2bffe6f,Beauty & Fitness,Hair Care,"Google, Meta",US,All Territories,2022-11-13,USD,36,47,7087.999165002,1972.211468654,40,54,7860.999165002,2072.261468654,204.482238313,0.0,686.334292233,0.0,20.96,166.648026397,0.0,0.0,0.0,244.0,0.0,724.0,0.0,9.0,150.0,0.0,0.0,0.0,11423.0,0.0,86823.0,0.0,1375.0,13815.0,0.0,0.0,0.0,413.0,86.0,410.0,365.0,135.0,203.0,911.7765305460001,166.648026397,6,45,11,1,0,6.816491086720825,5.121866700680703
596eef7c71f933d820d0e485935d0e8f,04769dac8b828ec7a85676d9e2bffe6f,Beauty & Fitness,Hair Care,"Google, Meta",US,All Territories,2022-11-14,USD,23,25,4566.984271293,1461.146097719,30,35,5540.984271293,1781.246097719,137.032386292,0.0,215.745311107,0.0,21.27,160.677032627,0.0,0.0,0.0,133.0,0.0,232.0,0.0,7.0,107.0,0.0,0.0,0.0,5653.0,0.0,27638.0,0.0,3230.0,11854.0,0.0,0.0,0.0,383.0,62.0,417.0,426.0,128.0,101.0,374.04769739899996,160.677032627,0,46,11,0,0,5.927053210946059,5.085600719556084
596eef7c71f933d820d0e485935d0e8f,04769dac8b828ec7a85676d9e2bffe6f,Beauty & Fitness,Hair Care,"Google, Meta",US,All Territories,2022-11-15,USD,31,39,6139.988115121,1537.998157471,32,41,6337.988115121,1607.298157471,105.86804414,0.0,398.828837459,0.0,20.95,152.229970176,0.0,0.0,0.0,109.0,0.0,720.0,0.0,7.0,96.0,0.0,0.0,0.0,2886.0,0.0,110618.0,0.0,1042.0,10169.0,0.0,0.0,0.0,355.0,35.0,396.0,397.0,131.0,73.0,525.646881599,152.229970176,1,46,11,0,0,6.266530270063084,5.03193986595455
596eef7c71f933d820d0e485935d0e8f,04769dac8b828ec7a85676d9e2bffe6f,Beauty & Fitness,Hair Care,"Google, Meta",US,All Territories,2022-11-16,USD,28,42,8078.00009096,2873.650809322,32,49,8364.990257382,2893.650809322,99.336981548,0.0,593.784875259,0.0,20.92,139.13,0.0,0.0,0.0,83.0,0.0,1177.0,0.0,12.0,83.0,0.0,0.0,0.0,5153.0,0.0,144826.0,0.0,4880.0,8092.0,0.0,0.0,0.0,409.0,33.0,344.0,176.0,401.0,69.0,714.041856807,139.13,2,46,11,0,0,6.572341081969362,4.942570563182127
596eef7c71f933d820d0e485935d0e8f,04769dac8b828ec7a85676d9e2bffe6f,Beauty & Fitness,Hair Care,"Google, Meta",US,All Territories,2022-11-17,USD,28,36,4600.989408811,1275.510477761,32,40,5132.979408811,1427.710477761,126.412383678,0.0,394.403018723,0.0,0.0,147.35,0.0,0.0,0.0,90.0,0.0,682.0,0.0,0.0,85.0,0.0,0.0,0.0,5137.0,0.0,66767.0,0.0,0.0,8314.0,0.0,0.0,0.0,345.0,31.0,384.0,113.0,401.0,71.0,520.815402401,147.35,3,46,11,0,0,6.257313890091822,4.999574346736831
596eef7c71f933d820d0e485935d0e8f,04769dac8b828ec7a85676d9e2bffe6f,Beauty & Fitness,Hair Care,"Google, Meta",US,All Territories,2022-11-18,USD,34,39,6715.94655219,2024.901749582,37,42,7462.943493687,2433.561376333,91.95,0.0,286.565141932,0.0,0.0,148.83,0.0,0.0,0.0,103.0,0.0,255.0,0.0,0.0,58.0,0.0,0.0,0.0,2045.0,0.0,23735.0,0.0,0.0,8401.0,0.0,0.0,0.0,285.0,51.0,435.0,75.0,399.0,83.0,378.515141932,148.83,4,46,11,0,0,5.9388944957287775,5.009501318055053
596eef7c71f933d820d0e485935d0e8f,04769dac8b828ec7a85676d9e2bffe6f,Beauty & Fitness,Hair Care,"Google, Meta",US,All Territories,2022-11-19,USD,46,57,9572.991522404,2996.503472623,55,67,10507.992205395,3311.996288421,101.781282365,0.0,99.78,0.0,0.0,148.99,0.0,0.0,0.0,106.0,0.0,231.0,0.0,0.0,101.0,0.0,0.0,0.0,2395.0,0.0,27127.0,0.0,0.0,8443.0,0.0,0.0,0.0,390.0,39.0,483.0,166.0,315.0,121.0,201.561282365,148.99,5,46,11,1,0,5.311042469726649,5.010568625207268
596eef7c71f933d820d0e485935d0e8f,04769dac8b828ec7a85676d9e2bffe6f,Beauty & Fitness,Hair Care,"Google, Meta",US,All Territories,2022-11-20,USD,59,84,11556.965710929,3937.742327828,68,97,12949.963750429,4512.645681828,120.57,0.0,116.87,0.0,0.0,148.23,0.0,0.0,0.0,105.0,0.0,269.0,0.0,0.0,84.0,0.0,0.0,0.0,1099.0,0.0,24484.0,0.0,0.0,8113.0,0.0,0.0,0.0,420.0,78.0,686.0,149.0,401.0,137.0,237.44,148.23,6,46,11,1,0,5.474117706351726,5.0054887399433765
596eef7c71f933d820d0e485935d0e8f,04769dac8b828ec7a85676d9e2bffe6f,Beauty & Fitness,Hair Care,"Google, Meta",US,All Territories,2022-11-21,USD,162,209,31496.750910606,14746.348568167,208,291,39775.689349631,18588.818275727,103.687951028,0.0,74.88,0.0,0.0,106.38,0.0,0.0,0.0,142.0,0.0,154.0,0.0,0.0,55.0,0.0,0.0,0.0,888.0,0.0,17314.0,0.0,0.0,4248.0,0.0,0.0,0.0,938.0,91.0,578.0,2340.0,368.0,141.0,178.56795102799998,106.38,0,47,11,0,0,5.1905536935526655,4.676373944994423
596eef7c71f933d820d0e485935d0e8f,04769dac8b828ec7a85676d9e2bffe6f,Beauty & Fitness,Hair Care,"Google, Meta",US,All Territories,2022-11-22,USD,179,236,37114.699611329,17890.805918811,216,297,45216.679248202,21646.196647619,114.848647995,0.0,94.19,0.0,0.0,205.42,86.69,0.04,0.0,121.0,0.0,152.0,0.0,0.0,103.0,70.0,0.0,0.0,1304.0,0.0,19902.0,0.0,0.0,8148.0,5829.0,6.0,0.0,867.0,88.0,597.0,2585.0,358.0,160.0,209.038647995,292.15000000000003,1,47,11,0,0,5.347291551855969,5.6806844234102245
596eef7c71f933d820d0e485935d0e8f,04769dac8b828ec7a85676d9e2bffe6f,Beauty & Fitness,Hair Care,"Google, Meta",US,All Territories,2022-11-23,USD,238,322,44874.858522578,22437.373287558,304,499,61199.839581824,30868.873817181,116.73781778,0.0,119.19,0.0,0.0,353.88,185.31,0.05,0.0,141.0,0.0,184.0,0.0,0.0,221.0,73.0,0.0,0.0,907.0,0.0,24505.0,0.0,0.0,14596.0,9730.0,28.0,0.0,853.0,70.0,725.0,2768.0,391.0,155.0,235.92781778,539.24,2,47,11,0,0,5.467755528416274,6.292013485266587
596eef7c71f933d820d0e485935d0e8f,04769dac8b828ec7a85676d9e2bffe6f,Beauty & Fitness,Hair Care,"Google, Meta",US,All Territories,2022-11-24,USD,316,429,61634.841173106,30817.34750361,364,521,73036.700055774,36518.276944944,142.491885572,0.0,123.46,0.0,0.0,407.4,108.41,2.49,0.0,175.0,0.0,174.0,0.0,0.0,181.0,45.0,1.0,0.0,789.0,0.0,19739.0,0.0,0.0,12821.0,4957.0,40.0,0.0,898.0,126.0,916.0,2079.0,759.0,217.0,265.951885572,518.3,3,47,11,0,0,5.587068438311397,6.252481750850273
596eef7c71f933d820d0e485935d0e8f,04769dac8b828ec7a85676d9e2bffe6f,Beauty & Fitness,Hair Care,"Google, Meta",US,All Territories,2022-11-25,USD,612,779,120577.747676866,60323.77800461,716,949,140167.665249602,70118.728415452,560.351822786,0.0,367.43,0.0,0.0,863.8,432.2,2.56,0.0,437.0,0.0,387.0,0.0,0.0,298.0,105.0,1.0,0.0,6709.0,0.0,51285.0,0.0,0.0,24160.0,15189.0,195.0,0.0,1211.0,225.0,971.0,1938.0,1014.0,325.0,927.781822786,1298.56,4,47,11,0,0,6.833873859548333,7.169781024620132
596eef7c71f933d820d0e485935d0e8f,04769dac8b828ec7a85676d9e2bffe6f,Beauty & Fitness,Hair Care,"Google, Meta",US,All Territories,2022-11-26,USD,238,326,46001.884995843,23000.904232921,276,395,55259.871350715,27629.899872762,245.641315667,0.0,894.85,0.0,0.0,1106.59,539.4,10.73,0.0,188.0,0.0,652.0,0.0,0.0,500.0,195.0,2.0,0.0,5032.0,0.0,99868.0,0.0,0.0,42098.0,32492.0,320.0,0.0,844.0,62.0,655.0,1526.0,788.0,161.0,1140.491315667,1656.7199999999998,5,47,11,1,0,7.040090858115242,7.413198443267252
596eef7c71f933d820d0e485935d0e8f,04769dac8b828ec7a85676d9e2bffe6f,Beauty & Fitness,Hair Care,"Google, Meta",US,All Territories,2022-11-27,USD,259,338,51843.921079345,25921.964680309,301,403,60273.910870544,30136.954575909,402.06,0.0,1082.06,0.0,0.0,892.52,430.19,20.4,0.0,244.0,0.0,769.0,0.0,0.0,389.0,208.0,6.0,0.0,8401.0,0.0,134878.0,0.0,0.0,31992.0,22767.0,466.0,0.0,788.0,51.0,547.0,1221.0,1134.0,108.0,1484.12,1343.1100000000001,6,47,11,1,0,7.303250856052811,7.2034873629720515
596eef7c71f933d820d0e485935d0e8f,04769dac8b828ec7a85676d9e2bffe6f,Beauty & Fitness,Hair Care,"Google, Meta",US,All Territories,2022-11-28,USD,520,646,102935.578628417,51467.715104181,605,769,119233.581236828,59616.712702308,624.63,0.0,814.97,0.0,0.0,862.04,284.02,0.34,0.0,312.0,0.0,581.0,0.0,0.0,291.0,90.0,0.0,0.0,8818.0,0.0,97623.0,0.0,0.0,21810.0,8477.0,187.0,0.0,890.0,64.0,690.0,1217.0,1596.0,154.0,1439.6,1146.3999999999999,0,48,11,0,0,7.272814972455262,7.04525379216777
596eef7c71f933d820d0e485935d0e8f,04769dac8b828ec7a85676d9e2bffe6f,Beauty & Fitness,Hair Care,"Google, Meta",US,All Territories,2022-11-29,USD,187,240,39957.967637152,19978.964328939,218,297,46362.935682374,23195.95335155,552.32,0.0,636.38,0.0,0.0,931.14,371.6,6.15,0.0,257.0,0.0,532.0,0.0,0.0,365.0,95.0,1.0,0.0,8005.0,0.0,90366.0,0.0,0.0,27634.0,11271.0,484.0,0.0,655.0,35.0,463.0,677.0,801.0,111.0,1188.7,1308.89,1,48,11,0,0,7.08145645348248,7.177698443203916
596eef7c71f933d820d0e485935d0e8f,04769dac8b828ec7a85676d9e2bffe6f,Beauty & Fitness,Hair Care,"Google, Meta",US,All Territories,2022-11-30,USD,112,155,22358.93454976,10495.540519189,128,176,25458.929529258,11921.383505484,662.456310943,0.0,734.76,0.0,0.0,815.27,304.12,0.78,0.0,268.0,0.0,677.0,0.0,0.0,341.0,115.0,0.0,0.0,10757.0,0.0,101266.0,0.0,0.0,25014.0,12997.0,336.0,0.0,551.0,24.0,405.0,519.0,769.0,90.0,1397.2163109429998,1120.1699999999998,2,48,11,0,0,7.242952639682134,7.022128061886635
596eef7c71f933d820d0e485935d0e8f,04769dac8b828ec7a85676d9e2bffe6f,Beauty & Fitness,Hair Care,"Google, Meta",US,All Territories,2022-12-01,USD,82,96,15774.99864964,7105.196941296,93,114,17575.98864964,7975.096941296,523.88135139,0.0,740.4,0.0,0.0,704.79,281.69,5.25,0.0,209.0,0.0,663.0,0.0,0.0,245.0,68.0,1.0,0.0,8287.0,0.0,92437.0,0.0,0.0,24365.0,10504.0,174.0,0.0,507.0,33.0,436.0,433.0,642.0,95.0,1264.28135139,991.73,3,48,12,0,0,7.143049788597709,6.900458723749499
596eef7c71f933d820d0e485935d0e8f,04769dac8b828ec7a85676d9e2bffe6f,Beauty & Fitness,Hair Care,"Google, Meta",US,All Territories,2022-12-02,USD,92,100,15839.957742027,7127.970465998,103,113,17580.948834126,7911.40762275,521.04,0.0,721.71,0.0,0.0,856.56,289.89,4.18,0.0,256.0,0.0,716.0,0.0,0.0,282.0,81.0,1.0,0.0,8921.0,0.0,109722.0,0.0,0.0,29696.0,16673.0,40.0,0.0,1001.0,39.0,400.0,344.0,600.0,92.0,1242.75,1150.6299999999999,4,48,12,0,0,7.1258862884728025,7.04893360911076
596eef7c71f933d820d0e485935d0e8f,04769dac8b828ec7a85676d9e2bffe6f,Beauty & Fitness,Hair Care,"Google, Meta",US,All Territories,2022-12-03,USD,96,114,17752.988797239,8009.802422929,113,135,20461.97842091,9363.760030452,546.51034352,0.0,291.25,0.0,0.0,515.78,248.61,6.87,0.0,291.0,0.0,476.0,0.0,0.0,182.0,62.0,1.0,0.0,12517.0,0.0,73269.0,0.0,0.0,17075.0,11685.0,57.0,0.0,404.0,51.0,434.0,379.0,703.0,101.0,837.76034352,771.26,5,48,12,1,0,6.731925020275426,6.649321280889342
596eef7c71f933d820d0e485935d0e8f,04769dac8b828ec7a85676d9e2bffe6f,Beauty & Fitness,Hair Care,"Google, Meta",US,All Territories,2022-12-04,USD,131,160,24035.937415172,10816.148941298,152,190,27559.93866129,12401.953577786,465.092918324,0.0,556.33,0.0,0.0,533.8,151.86,1.1,0.0,252.0,0.0,776.0,0.0,0.0,161.0,29.0,2.0,0.0,10076.0,0.0,76679.0,0.0,0.0,17888.0,7809.0,141.0,0.0,445.0,54.0,371.0,326.0,736.0,105.0,1021.422918324,686.76,6,48,12,1,0,6.929930499573127,6.533439939866189
596eef7c71f933d820d0e485935d0e8f,04769dac8b828ec7a85676d9e2bffe6f,Beauty & Fitness,Hair Care,"Google, Meta",US,All Territories,2022-12-05,USD,100,129,19805.146549727,8367.244857255,113,147,21793.146398018,9320.957146676,338.307377823,0.0,748.25,0.0,0.0,454.82,80.93,0.58,0.0,204.0,0.0,822.0,0.0,0.0,187.0,20.0,0.0,0.0,7099.0,0.0,83824.0,0.0,0.0,14363.0,1925.0,66.0,0.0,466.0,37.0,456.0,193.0,730.0,90.0,1086.557377823,536.33,0,49,12,0,0,6.991689522787567,6.286612430905277
596eef7c71f933d820d0e485935d0e8f,04769dac8b828ec7a85676d9e2bffe6f,Beauty & Fitness,Hair Care,"Google, Meta",US,All Territories,2022-12-06,USD,77,92,15204.007627346,6005.944409242,93,118,17913.002155367,7089.548080932,316.070124723,0.0,1110.28,0.0,0.0,519.86,89.17,1.02,0.0,215.0,0.0,1011.0,0.0,0.0,206.0,31.0,3.0,0.0,7309.0,0.0,135544.0,0.0,0.0,15277.0,2823.0,125.0,0.0,469.0,38.0,421.0,469.0,599.0,79.0,1426.350124723,610.05,1,49,12,0,0,7.2635749445807,6.41517878888401
596eef7c71f933d820d0e485935d0e8f,04769dac8b828ec7a85676d9e2bffe6f,Beauty & Fitness,Hair Care,"Google, Meta",US,All Territories,2022-12-07,USD,90,111,16915.986766769,6562.800291419,104,129,19137.977023359,7590.820394055,278.252455929,0.0,1011.07,0.0,0.0,354.49,97.76,0.72,0.0,390.0,0.0,993.0,0.0,0.0,134.0,24.0,0.0,0.0,21876.0,0.0,150481.0,0.0,0.0,11184.0,1905.0,80.0,0.0,413.0,74.0,416.0,136.0,598.0,116.0,1289.3224559290002,452.97,2,49,12,0,0,7.1626474319558975,6.118031116562861
596eef7c71f933d820d0e485935d0e8f,04769dac8b828ec7a85676d9e2bffe6f,Beauty & Fitness,Hair Care,"Google, Meta",US,All Territories,2022-12-08,USD,105,134,19332.983091686,7729.978295162,116,155,21453.983091686,8578.378295162,206.347525199,0.0,525.75,0.0,0.0,118.08,11.86,0.07,0.0,211.0,0.0,505.0,0.0,0.0,55.0,2.0,0.0,0.0,6782.0,0.0,81314.0,0.0,0.0,3395.0,299.0,43.0,0.0,757.0,76.0,501.0,373.0,541.0,107.0,732.097525199,130.01,3,49,12,0,0,6.5972787424210875,4.87527365616558
596eef7c71f933d820d0e485935d0e8f,04769dac8b828ec7a85676d9e2bffe6f,Beauty & Fitness,Hair Care,"Google, Meta",US,All Territories,2022-12-09,USD,89,98,16122.969933134,6340.797059184,96,122,17756.97002243,7083.812923042,193.017286115,0.0,282.33,0.0,0.0,140.47,15.23,0.03,0.0,309.0,0.0,386.0,0.0,0.0,37.0,7.0,0.0,0.0,9808.0,0.0,60243.0,0.0,0.0,4354.0,291.0,32.0,0.0,435.0,78.0,489.0,114.0,495.0,124.0,475.347286115,155.73,4,49,12,0,0,6.166147180886638,5.054524579665976
596eef7c71f933d820d0e485935d0e8f,04769dac8b828ec7a85676d9e2bffe6f,Beauty & Fitness,Hair Care,"Google, Meta",US,All Territories,2022-12-10,USD,106,129,20029.987551126,7912.803391556,117,151,22635.486674753,8964.813041006,238.655526349,0.0,514.85,0.0,0.0,129.26,21.12,0.0,0.0,501.0,0.0,603.0,0.0,0.0,56.0,12.0,0.0,0.0,28729.0,0.0,88932.0,0.0,0.0,3942.0,748.0,35.0,0.0,489.0,95.0,514.0,373.0,591.0,170.0,753.5055263490001,150.38,5,49,12,1,0,6.626062602699304,5.019793231881021
596eef7c71f933d820d0e485935d0e8f,04769dac8b828ec7a85676d9e2bffe6f,Beauty & Fitness,Hair Care,"Google, Meta",US,All Territories,2022-12-11,USD,117,157,23479.009544753,9324.800903831,131,180,25419.999544753,10061.600903831,222.829322551,0.0,453.8,0.0,0.0,150.99,28.16,0.11,0.0,586.0,0.0,548.0,0.0,0.0,61.0,6.0,0.0,0.0,34517.0,0.0,88533.0,0.0,0.0,4480.0,994.0,49.0,0.0,405.0,85.0,555.0,108.0,634.0,128.0,676.629322551,179.26000000000002,6,49,12,1,0,6.518600416532302,5.194400253128264
596eef7c71f933d820d0e485935d0e8f,04769dac8b828ec7a85676d9e2bffe6f,Beauty & Fitness,Hair Care,"Google, Meta",US,All Territories,2022-12-12,USD,113,136,19892.977970021,7871.251827903,118,146,20799.977970021,8195.251827903,219.251191709,0.0,487.5,0.0,0.0,211.7,49.98,3.68,0.0,555.0,0.0,524.0,0.0,0.0,140.0,21.0,1.0,0.0,32185.0,0.0,88711.0,0.0,0.0,7724.0,1643.0,114.0,0.0,468.0,73.0,524.0,92.0,632.0,147.0,706.7511917090001,265.36,0,50,12,0,0,6.562092607789956,5.584848777242422
596eef7c71f933d820d0e485935d0e8f,04769dac8b828ec7a85676d9e2bffe6f,Beauty & Fitness,Hair Care,"Google, Meta",US,All Territories,2022-12-13,USD,95,116,17465.972223025,6946.403333607,104,134,19037.972223025,7575.203333607,266.544201431,0.0,340.08,0.0,0.0,341.73983953,75.479896981,5.73,0.0,541.0,0.0,440.0,0.0,0.0,260.0,53.0,3.0,0.0,25936.0,0.0,68917.0,0.0,0.0,14574.0,2703.0,160.0,0.0,420.0,66.0,438.0,217.0,525.0,133.0,606.624201431,422.94973651099997,1,50,12,0,0,6.409556601118305,6.049614902240207
596eef7c71f933d820d0e485935d0e8f,04769dac8b828ec7a85676d9e2bffe6f,Beauty & Fitness,Hair Care,"Google, Meta",US,All Territories,2022-12-14,USD,88,100,15493.936062541,6100.191636731,94,107,16327.925958685,6483.205392222,186.828810052,0.0,512.66,0.0,0.0,359.107885427,79.869638412,1.42,0.0,222.0,0.0,537.0,0.0,0.0,194.0,55.0,1.0,0.0,4103.0,0.0,92779.0,0.0,0.0,12321.0,3315.0,173.0,0.0,360.0,66.0,341.0,56.0,495.0,122.0,699.488810052,440.39752383900003,2,50,12,0,0,6.551778391419637,6.089945884017594
596eef7c71f933d820d0e485935d0e8f,04769dac8b828ec7a85676d9e2bffe6f,Beauty & Fitness,Hair Care,"Google, Meta",US,All Territories,2022-12-15,USD,104,130,19861.973158114,7873.601704455,118,155,21589.958055938,8656.694281322,141.782967479,0.0,413.97,0.0,0.0,268.387266661,55.795091532,2.78,0.0,203.0,0.0,451.0,0.0,0.0,116.0,34.0,2.0,0.0,3504.0,0.0,85867.0,0.0,0.0,6814.0,2521.0,103.0,0.0,393.0,80.0,394.0,278.0,529.0,125.0,555.7529674790001,326.962358193,3,50,12,0,0,6.322121636125967,5.792898840191819
596eef7c71f933d820d0e485935d0e8f,04769dac8b828ec7a85676d9e2bffe6f,Beauty & Fitness,Hair Care,"Google, Meta",US,All Territories,2022-12-16,USD,70,84,12734.786340882,4994.405861701,80,97,14097.79348611,5603.617824025,171.623449712,0.0,211.73,0.0,0.0,268.66,76.0,0.32,0.0,304.0,0.0,292.0,0.0,0.0,221.0,40.0,1.0,0.0,10224.0,0.0,48808.0,0.0,0.0,11999.0,3488.0,98.0,0.0,368.0,55.0,500.0,83.0,544.0,121.0,383.353449712,344.98,4,50,12,0,0,5.951562571199118,5.846380969918831
596eef7c71f933d820d0e485935d0e8f,04769dac8b828ec7a85676d9e2bffe6f,Beauty & Fitness,Hair Care,"Google, Meta",US,All Territories,2022-12-17,USD,83,109,16297.987999891,6489.58628928,99,130,19105.977999891,7554.57628928,186.73284432,0.0,160.02,0.0,0.0,186.79,41.84,0.06,0.0,309.0,0.0,289.0,0.0,0.0,260.0,35.0,0.0,0.0,11077.0,0.0,44519.0,0.0,0.0,11948.0,2765.0,29.0,0.0,320.0,71.0,463.0,324.0,539.0,122.0,346.75284432,228.69,5,50,12,1,0,5.851492009979305,5.436730573701663
596eef7c71f933d820d0e485935d0e8f,04769dac8b828ec7a85676d9e2bffe6f,Beauty & Fitness,Hair Care,"Google, Meta",US,All Territories,2022-12-18,USD,70,78,12352.973599698,4889.382469984,79,95,13695.971519313,5445.18163783,181.799922901,0.0,213.43,0.0,0.0,194.83,55.35,1.94,0.0,367.0,0.0,354.0,0.0,0.0,268.0,30.0,1.0,0.0,15881.0,0.0,48041.0,0.0,0.0,12275.0,3240.0,33.0,0.0,286.0,59.0,368.0,90.0,500.0,113.0,395.229922901,252.12,6,50,12,1,0,5.981994656150108,5.5338636845792895
596eef7c71f933d820d0e485935d0e8f,04769dac8b828ec7a85676d9e2bffe6f,Beauty & Fitness,Hair Care,"Google, Meta",US,All Territories,2022-12-19,USD,67,71,11327.972184106,4479.202339326,78,87,12652.952184106,4977.202339326,98.916761921,0.0,240.31,0.0,0.0,186.66,46.82,0.11,0.0,319.0,0.0,319.0,0.0,0.0,257.0,22.0,0.0,0.0,20041.0,0.0,58728.0,0.0,0.0,11915.0,2567.0,34.0,0.0,296.0,68.0,343.0,74.0,421.0,105.0,339.226761921,233.59,0,51,12,0,0,5.829612342126484,5.457839309564922
596eef7c71f933d820d0e485935d0e8f,04769dac8b828ec7a85676d9e2bffe6f,Beauty & Fitness,Hair Care,"Google, Meta",US,All Territories,2022-12-20,USD,53,58,8418.95713697,3234.018854788,56,62,8769.95713697,3374.418854788,71.256397896,0.0,201.6,0.0,0.0,222.135258026,73.90308763,0.1514605742,0.0,120.0,0.0,358.0,0.0,0.0,199.0,40.0,0.0,0.0,1428.0,0.0,54120.0,0.0,0.0,13128.0,4263.0,31.0,0.0,353.0,71.0,328.0,324.0,335.0,104.0,272.856397896,296.18980623019996,1,51,12,0,0,5.612603873732067,5.69437101289534
596eef7c71f933d820d0e485935d0e8f,04769dac8b828ec7a85676d9e2bffe6f,Beauty & Fitness,Hair Care,"Google, Meta",US,All Territories,2022-12-21,USD,49,58,8239.971626208,3257.997712366,54,65,8930.971626208,3534.397712366,76.675133236,0.0,305.1,0.0,0.0,261.149928115,75.248399251,0.7568253126,0.0,114.0,0.0,519.0,0.0,0.0,166.0,29.0,0.0,0.0,1138.0,0.0,61359.0,0.0,0.0,13174.0,5273.0,100.0,0.0,661.0,81.0,302.0,72.0,283.0,106.0,381.775133236,337.15515267859996,2,51,12,0,0,5.947447697270257,5.823504821753738
596eef7c71f933d820d0e485935d0e8f,04769dac8b828ec7a85676d9e2bffe6f,Beauty & Fitness,Hair Care,"Google, Meta",US,All Territories,2022-12-22,USD,56,70,10317.000647998,4087.200259199,66,96,12190.00455536,4836.39097952,85.96527771,0.0,246.43,0.0,0.0,209.134798313,68.310710212,0.2906403648,0.0,110.0,0.0,460.0,0.0,0.0,116.0,30.0,1.0,0.0,2793.0,0.0,52723.0,0.0,0.0,10809.0,4323.0,40.0,0.0,445.0,54.0,324.0,382.0,257.0,95.0,332.39527771,277.73614888980006,3,51,12,0,0,5.80932880617919,5.6302656314583
596eef7c71f933d820d0e485935d0e8f,04769dac8b828ec7a85676d9e2bffe6f,Beauty & Fitness,Hair Care,"Google, Meta",US,All Territories,2022-12-23,USD,58,71,11158.967980425,4459.487726164,70,95,13230.969419644,5412.911233864,76.115505151,0.0,334.34,0.0,0.0,172.954500683,80.947745792,0.3059207279,0.0,87.0,0.0,501.0,0.0,0.0,94.0,46.0,0.0,0.0,2568.0,0.0,56297.0,0.0,0.0,8783.0,5392.0,31.0,0.0,293.0,48.0,306.0,279.0,245.0,79.0,410.45550515099995,254.2081672029,4,51,12,0,0,6.019700885840691,5.5420795541047045
596eef7c71f933d820d0e485935d0e8f,04769dac8b828ec7a85676d9e2bffe6f,Beauty & Fitness,Hair Care,"Google, Meta",US,All Territories,2022-12-24,USD,55,66,9723.987639486,3850.3905218,60,76,11795.993341849,4679.186938721,73.847536499,0.0,285.62,0.0,0.0,158.924797954,90.533297664,2.081827704,0.0,90.0,0.0,555.0,0.0,0.0,64.0,38.0,0.0,0.0,3944.0,0.0,58425.0,0.0,0.0,7793.0,5526.0,113.0,0.0,239.0,47.0,315.0,63.0,193.0,67.0,359.467536499,251.53992332200002,5,51,12,1,0,5.887401901349752,5.53156934838334
596eef7c71f933d820d0e485935d0e8f,04769dac8b828ec7a85676d9e2bffe6f,Beauty & Fitness,Hair Care,"Google, Meta",US,All Territories,2022-12-25,USD,63,78,10459.98985355,4146.399613784,70,95,11734.98985355,4656.399613784,115.915455606,0.0,345.21,0.0,0.0,176.590129605,91.076917279,1.573435186,0.0,144.0,0.0,658.0,0.0,0.0,97.0,39.0,0.0,0.0,6034.0,0.0,70465.0,0.0,0.0,9159.0,6235.0,106.0,0.0,359.0,71.0,355.0,86.0,244.0,96.0,461.12545560599995,269.24048207,6,51,12,1,0,6.135836403149737,5.599312236916691
596eef7c71f933d820d0e485935d0e8f,04769dac8b828ec7a85676d9e2bffe6f,Beauty & Fitness,Hair Care,"Google, Meta",US,All Territories,2022-12-26,USD,96,113,17739.961510124,6964.802103668,113,144,19661.409156933,7716.025587676,115.717180319,0.0,473.54,0.0,0.0,221.416889096,94.350294239,0.7785435494,0.0,139.0,0.0,706.0,0.0,0.0,191.0,48.0,0.0,0.0,4605.0,0.0,84866.0,0.0,0.0,11222.0,5520.0,60.0,0.0,468.0,98.0,494.0,83.0,478.0,136.0,589.257180319,316.54572688440004,0,52,12,0,0,6.380558340769225,5.760621829645769
596eef7c71f933d820d0e485935d0e8f,04769dac8b828ec7a85676d9e2bffe6f,Beauty & Fitness,Hair Care,"Google, Meta",US,All Territories,2022-12-27,USD,62,92,11387.977003396,4452.384266219,71,105,13050.945555648,5113.58220865,82.859234983,0.0,201.4,0.0,0.0,225.362249682,84.020011154,0.4483016436,0.0,97.0,0.0,444.0,0.0,0.0,185.0,47.0,0.0,0.0,5482.0,0.0,45462.0,0.0,0.0,12905.0,5360.0,65.0,0.0,481.0,70.0,432.0,77.0,326.0,108.0,284.259234983,309.8305624796,1,52,12,0,0,5.653398363268081,5.739247948535383
596eef7c71f933d820d0e485935d0e8f,04769dac8b828ec7a85676d9e2bffe6f,Beauty & Fitness,Hair Care,"Google, Meta",US,All Territories,2022-12-28,USD,65,80,11159.952896795,4056.385849152,76,98,13295.942896795,4853.185849152,200.334780941,0.0,319.76,0.0,0.0,191.711166665,71.297527047,1.308246489,0.0,172.0,0.0,573.0,0.0,0.0,110.0,32.0,2.0,0.0,8000.0,0.0,62683.0,0.0,0.0,9637.0,3810.0,48.0,0.0,557.0,87.0,342.0,542.0,323.0,148.0,520.094780941,264.316940201,2,52,12,0,0,6.255931946399652,5.580925112105555
596eef7c71f933d820d0e485935d0e8f,04769dac8b828ec7a85676d9e2bffe6f,Beauty & Fitness,Hair Care,"Google, Meta",US,All Territories,2022-12-29,USD,50,63,9351.979906005,3637.198091779,58,91,10943.979906005,4366.408091779,153.265721789,0.0,60.5,0.0,0.0,157.516291847,79.604261124,0.2903704188,0.0,153.0,0.0,186.0,0.0,0.0,67.0,34.0,0.0,0.0,7876.0,0.0,2221.0,0.0,0.0,5931.0,4191.0,30.0,0.0,371.0,106.0,552.0,116.0,310.0,165.0,213.765721789,237.4109233898,3,52,12,0,0,5.369547767912254,5.4739957537295965
596eef7c71f933d820d0e485935d0e8f,04769dac8b828ec7a85676d9e2bffe6f,Beauty & Fitness,Hair Care,"Google, Meta",US,All Territories,2022-12-30,USD,42,57,7813.971348201,2961.782901958,56,85,9806.954743698,3786.392901958,144.327845172,0.0,71.48,0.0,0.0,174.763793984,78.904123117,1.098530565,0.0,174.0,0.0,230.0,0.0,0.0,71.0,37.0,0.0,0.0,6223.0,0.0,1944.0,0.0,0.0,7047.0,3785.0,52.0,0.0,244.0,65.0,541.0,249.0,340.0,114.0,215.807845172,254.766447666,4,52,12,0,0,5.379011455128498,5.544264714263352
596eef7c71f933d820d0e485935d0e8f,04769dac8b828ec7a85676d9e2bffe6f,Beauty & Fitness,Hair Care,"Google, Meta",US,All Territories,2022-12-31,USD,48,64,9750.984181979,3741.596993717,63,88,12978.999647936,4994.401567047,109.7,0.0,93.14,0.0,0.0,169.979332691,92.90671563,0.5311605564,0.0,128.0,0.0,265.0,0.0,0.0,80.0,40.0,2.0,0.0,6867.0,0.0,2119.0,0.0,0.0,7120.0,4998.0,35.0,0.0,233.0,95.0,591.0,87.0,349.0,142.0,202.84,263.41720887739996,5,52,12,1,0,5.317335372383798,5.577528192385214
596eef7c71f933d820d0e485935d0e8f,04769dac8b828ec7a85676d9e2bffe6f,Beauty & Fitness,Hair Care,"Google, Meta",US,All Territories,2023-01-01,USD,77,89,14221.993721024,5341.194668394,93,121,16154.967038436,5986.686417364,122.52,0.0,121.53,0.0,0.0,182.646408468,93.204010678,0.6585004091,0.0,185.0,0.0,207.0,0.0,0.0,74.0,29.0,0.0,0.0,7115.0,0.0,1652.0,0.0,0.0,10807.0,5474.0,89.0,0.0,241.0,92.0,401.0,356.0,344.0,150.0,244.05,276.5089195551,6,52,1,1,0,5.501462271355557,5.62585307521083
596eef7c71f933d820d0e485935d0e8f,04769dac8b828ec7a85676d9e2bffe6f,Beauty & Fitness,Hair Care,"Google, Meta",US,All Territories,2023-01-02,USD,35,42,5443.990191435,2157.600076574,46,65,7716.993190147,2984.418310648,158.503283117,0.0,66.92,0.0,0.0,175.708876763,118.407067771,1.203036372,0.0,250.0,0.0,218.0,0.0,0.0,260.0,392.0,0.0,0.0,7960.0,0.0,2090.0,0.0,0.0,12158.0,40200.0,107.0,0.0,238.0,63.0,407.0,113.0,353.0,109.0,225.42328311699998,295.318980906,0,1,1,0,0,5.422406181664085,5.691436512284784
596eef7c71f933d820d0e485935d0e8f,04769dac8b828ec7a85676d9e2bffe6f,Beauty & Fitness,Hair Care,"Google, Meta",US,All Territories,2023-01-03,USD,34,46,6282.986489918,1854.096459161,39,54,6755.986489918,1977.746459161,132.88082391,0.0,99.62,0.0,0.0,214.836572996,92.323504438,0.04,0.0,215.0,0.0,184.0,0.0,0.0,722.0,156.0,0.0,0.0,7840.0,0.0,1958.0,0.0,0.0,31499.0,14397.0,8.0,0.0,267.0,67.0,349.0,88.0,398.0,123.0,232.50082391,307.20007743400004,1,1,1,0,0,5.453185605625211,5.730749174131928
596eef7c71f933d820d0e485935d0e8f,04769dac8b828ec7a85676d9e2bffe6f,Beauty & Fitness,Hair Care,"Google, Meta",US,All Territories,2023-01-04,USD,29,30,5529.893322903,1081.759482052,32,37,5971.693322903,1250.369482052,146.888248993,0.0,98.96,0.0,0.0,187.696368999,77.511842452,0.02,0.0,233.0,0.0,158.0,0.0,0.0,589.0,138.0,0.0,0.0,9654.0,0.0,1397.0,0.0,0.0,24514.0,11125.0,12.0,0.0,307.0,70.0,397.0,289.0,360.0,138.0,245.84824899299997,265.228211451,2,1,1,0,0,5.508773771274812,5.584353878749153
596eef7c71f933d820d0e485935d0e8f,04769dac8b828ec7a85676d9e2bffe6f,Beauty & Fitness,Hair Care,"Google, Meta",US,All Territories,2023-01-05,USD,28,33,5022.987641119,1679.710620766,33,38,5651.977641119,2012.020620766,174.510808696,0.0,67.1,0.0,0.0,157.361409223,83.723258669,0.0973738992,0.0,425.0,0.0,127.0,0.0,0.0,436.0,193.0,0.0,0.0,26756.0,0.0,1841.0,0.0,0.0,20791.0,18176.0,19.0,0.0,275.0,62.0,324.0,66.0,353.0,123.0,241.610808696,241.18204179120002,3,1,1,0,0,5.491458549087131,5.489689682173495
596eef7c71f933d820d0e485935d0e8f,04769dac8b828ec7a85676d9e2bffe6f,Beauty & Fitness,Hair Care,"Google, Meta",US,All Territories,2023-01-06,USD,26,30,4772.483583135,1543.2399461,31,39,5994.483824855,2034.98896432,132.042471753,0.0,41.03,0.0,0.0,172.233702762,74.717338431,0.1874357726,0.0,242.0,0.0,88.0,0.0,0.0,653.0,119.0,1.0,0.0,16483.0,0.0,1954.0,0.0,0.0,24652.0,9907.0,20.0,0.0,194.0,66.0,363.0,38.0,337.0,127.0,173.072471753,247.1384769656,4,1,1,0,0,5.159471716828265,5.513986965193036
596eef7c71f933d820d0e485935d0e8f,04769dac8b828ec7a85676d9e2bffe6f,Beauty & Fitness,Hair Care,"Google, Meta",US,All Territories,2023-01-07,USD,24,31,4161.989873247,1315.100774508,25,32,4360.993456382,1394.700720607,242.916291325,0.0,74.18,0.0,0.0,164.150886492,84.246567703,0.1797430906,0.0,232.0,0.0,125.0,0.0,0.0,714.0,126.0,0.0,0.0,13094.0,0.0,3235.0,0.0,0.0,27178.0,9027.0,37.0,0.0,258.0,64.0,357.0,32.0,358.0,102.0,317.09629132500004,248.57719728560002,5,1,1,1,0,5.762354139853434,5.519768275293119
596eef7c71f933d820d0e485935d0e8f,04769dac8b828ec7a85676d9e2bffe6f,Beauty & Fitness,Hair Care,"Google, Meta",US,All Territories,2023-01-08,USD,21,23,3428.469460995,1064.449784398,23,25,3756.469460995,1233.109784398,170.335336693,0.0,34.33,0.0,0.0,175.259063791,93.675278288,0.301793499,0.0,227.0,0.0,143.0,0.0,0.0,796.0,165.0,0.0,0.0,11660.0,0.0,3177.0,0.0,0.0,29709.0,15038.0,21.0,0.0,154.0,62.0,380.0,31.0,329.0,114.0,204.66533669299997,269.23613557799996,6,1,1,1,0,5.326250268569692,5.599296152994248
596eef7c71f933d820d0e485935d0e8f,04769dac8b828ec7a85676d9e2bffe6f,Beauty & Fitness,Hair Care,"Google, Meta",US,All Territories,2023-01-09,USD,26,28,4596.987107961,1625.041428318,31,33,5351.991121413,1908.551787006,172.3180718,0.0,48.26,0.0,0.0,133.751811106,69.170905553,0.25,0.0,183.0,0.0,74.0,0.0,0.0,231.0,61.0,0.0,0.0,8067.0,0.0,2112.0,0.0,0.0,12479.0,7715.0,15.0,0.0,188.0,58.0,298.0,30.0,313.0,100.0,220.5780718,203.172716659,0,2,1,0,0,5.400774996005742,5.318966285927245
596eef7c71f933d820d0e485935d0e8f,04769dac8b828ec7a85676d9e2bffe6f,Beauty & Fitness,Hair Care,"Google, Meta",US,All Territories,2023-01-10,USD,17,17,2773.991780705,1018.089223472,19,28,3210.991780705,1206.739223472,109.268950245,0.0,26.03,0.0,0.0,121.08,72.21,0.19,0.0,122.0,0.0,74.0,0.0,0.0,85.0,32.0,1.0,0.0,4127.0,0.0,2022.0,0.0,0.0,8872.0,5760.0,10.0,0.0,179.0,56.0,304.0,44.0,305.0,98.0,135.29895024500001,193.48,1,2,1,0,0,4.914850636875323,5.2703293300078675
596eef7c71f933d820d0e485935d0e8f,04769dac8b828ec7a85676d9e2bffe6f,Beauty & Fitness,Hair Care,"Google, Meta",US,All Territories,2023-01-11,USD,21,28,4223.990356799,1171.903380554,29,41,5579.470356799,1614.543380554,46.788870383,0.0,37.7,0.0,0.0,39.48,14.87,0.0,0.0,64.0,0.0,68.0,0.0,0.0,27.0,10.0,0.0,0.0,1013.0,0.0,3415.0,0.0,0.0,2705.0,1014.0,0.0,0.0,198.0,55.0,340.0,305.0,328.0,97.0,84.488870383,54.349999999999994,2,2,1,0,0,4.4483861965106755,4.013676659154646
596eef7c71f933d820d0e485935d0e8f,04769dac8b828ec7a85676d9e2bffe6f,Beauty & Fitness,Hair Care,"Google, Meta",US,All Territories,2023-01-12,USD,35,40,5971.883226599,1661.517391218,41,49,6554.863226599,1751.677391218,46.78642827,0.0,46.38,0.0,0.0,1.37,0.0,0.0,0.0,65.0,0.0,126.0,0.0,0.0,10.0,0.0,0.0,0.0,862.0,0.0,4358.0,0.0,0.0,223.0,0.0,0.0,0.0,199.0,54.0,330.0,149.0,379.0,112.0,93.16642827000001,1.37,3,2,1,0,0,4.545063730269164,0.8628899551470398
596eef7c71f933d820d0e485935d0e8f,04769dac8b828ec7a85676d9e2bffe6f,Beauty & Fitness,Hair Care,"Google, Meta",US,All Territories,2023-01-13,USD,35,40,6428.668751841,2022.432652428,39,47,6900.658751841,2204.232652428,49.4,0.0,83.06,0.0,0.0,1.15,0.0,0.0,0.0,75.0,0.0,111.0,0.0,0.0,11.0,0.0,0.0,0.0,899.0,0.0,3426.0,0.0,0.0,184.0,0.0,0.0,0.0,185.0,47.0,322.0,53.0,378.0,83.0,132.46,1.15,4,2,1,0,0,4.893801807475461,0.7654678421395714
596eef7c71f933d820d0e485935d0e8f,04769dac8b828ec7a85676d9e2bffe6f,Beauty & Fitness,Hair Care,"Google, Meta",US,All Territories,2023-01-14,USD,22,23,3571.490001548,1190.496642459,28,29,4225.494994217,1382.644615919,45.040996373,0.0,71.41,0.0,0.0,0.91,0.0,0.0,0.0,77.0,0.0,163.0,0.0,0.0,6.0,0.0,0.0,0.0,1089.0,0.0,2963.0,0.0,0.0,179.0,0.0,0.0,0.0,127.0,63.0,369.0,48.0,399.0,91.0,116.450996373,0.91,5,2,1,1,0,4.7660211944491,0.6471032420585384
596eef7c71f933d820d0e485935d0e8f,04769dac8b828ec7a85676d9e2bffe6f,Beauty & Fitness,Hair Care,"Google, Meta",US,All Territories,2023-01-15,USD,29,37,5124.987453656,1764.649187358,32,40,5561.991579297,1865.447273249,44.59,0.0,65.37,0.0,0.0,1.05,0.0,0.0,0.0,61.0,0.0,161.0,0.0,0.0,11.0,0.0,0.0,0.0,916.0,0.0,3063.0,0.0,0.0,194.0,0.0,0.0,0.0,144.0,77.0,376.0,18.0,375.0,125.0,109.96000000000001,1.05,6,2,1,1,0,4.7091697760065765,0.7178397931503169
596eef7c71f933d820d0e485935d0e8f,04769dac8b828ec7a85676d9e2bffe6f,Beauty & Fitness,Hair Care,"Google, Meta",US,All Territories,2023-01-16,USD,31,35,5132.463638226,1372.756860178,37,42,5955.661844128,1620.906860178,30.14854957,0.0,37.94,0.0,0.0,0.65,0.0,0.0,0.0,51.0,0.0,130.0,0.0,0.0,3.0,0.0,0.0,0.0,718.0,0.0,3337.0,0.0,0.0,93.0,0.0,0.0,0.0,183.0,42.0,362.0,30.0,440.0,78.0,68.08854957,0.65,0,3,1,0,0,4.235389008938323,0.5007752879124893
596eef7c71f933d820d0e485935d0e8f,04769dac8b828ec7a85676d9e2bffe6f,Beauty & Fitness,Hair Care,"Google, Meta",US,All Territories,2023-01-17,USD,29,35,5702.987961405,1938.098003085,34,40,6821.487961405,2231.048003085,39.36,0.0,74.48,0.0,0.0,49.01,35.0,1.66,0.0,57.0,0.0,119.0,0.0,0.0,56.0,23.0,1.0,0.0,519.0,0.0,2955.0,0.0,0.0,2002.0,1718.0,21.0,0.0,177.0,53.0,297.0,159.0,340.0,79.0,113.84,85.66999999999999,1,3,1,0,0,4.743539855252863,4.462107803146253
596eef7c71f933d820d0e485935d0e8f,04769dac8b828ec7a85676d9e2bffe6f,Beauty & Fitness,Hair Care,"Google, Meta",US,All Territories,2023-01-18,USD,27,30,5477.002478514,1606.049014854,30,34,5923.002478514,1824.709014854,17.822268476,0.0,245.67,0.0,0.0,75.42,38.28,3.52,0.0,35.0,0.0,278.0,0.0,0.0,65.0,18.0,2.0,0.0,658.0,0.0,41805.0,0.0,0.0,4095.0,2834.0,11.0,0.0,181.0,51.0,329.0,40.0,326.0,91.0,263.492268476,117.22,2,3,1,0,0,5.577812020156572,4.772547295396223
596eef7c71f933d820d0e485935d0e8f,04769dac8b828ec7a85676d9e2bffe6f,Beauty & Fitness,Hair Care,"Google, Meta",US,All Territories,2023-01-19,USD,23,26,4277.894827982,1148.95422326,25,28,4456.884827982,1252.95422326,46.51317626,0.0,179.68,0.0,0.0,0.0,0.0,0.0,0.0,51.0,0.0,296.0,0.0,0.0,0.0,0.0,0.0,0.0,1004.0,0.0,51635.0,0.0,0.0,0.0,0.0,0.0,0.0,195.0,47.0,359.0,48.0,320.0,87.0,226.19317626,0.0,3,3,1,0,0,5.425800652329063,0.0
596eef7c71f933d820d0e485935d0e8f,04769dac8b828ec7a85676d9e2bffe6f,Beauty & Fitness,Hair Care,"Google, Meta",US,All Territories,2023-01-20,USD,25,35,4324.980872389,1341.59293725,28,43,4515.980872389,1359.49293725,54.920294937,0.0,181.46,0.0,0.0,0.0,0.0,0.0,0.0,65.0,0.0,285.0,0.0,0.0,0.0,0.0,0.0,0.0,1172.0,0.0,48092.0,0.0,0.0,0.0,0.0,0.0,0.0,167.0,71.0,318.0,96.0,300.0,106.0,236.380294937,0.0,4,3,1,0,0,5.46966347509536,0.0
596eef7c71f933d820d0e485935d0e8f,04769dac8b828ec7a85676d9e2bffe6f,Beauty & Fitness,Hair Care,"Google, Meta",US,All Territories,2023-01-21,USD,34,48,6354.3820519,1567.546788934,39,55,6964.3820519,1754.546788934,52.347954066,0.0,140.33,0.0,0.0,0.0,0.0,0.0,0.0,58.0,0.0,264.0,0.0,0.0,0.0,0.0,0.0,0.0,1434.0,0.0,43436.0,0.0,0.0,0.0,0.0,0.0,0.0,158.0,58.0,390.0,58.0,382.0,102.0,192.677954066,0.0,5,3,1,1,0,5.266196749098173,0.0
596eef7c71f933d820d0e485935d0e8f,04769dac8b828ec7a85676d9e2bffe6f,Beauty & Fitness,Hair Care,"Google, Meta",US,All Territories,2023-01-22,USD,28,58,6090.972051584,2341.45092375,32,66,6370.472051584,2341.45092375,58.061370164,0.0,155.29,0.0,0.0,0.0,0.0,0.0,0.0,56.0,0.0,281.0,0.0,0.0,0.0,0.0,0.0,0.0,1810.0,0.0,38937.0,0.0,0.0,0.0,0.0,0.0,0.0,140.0,49.0,366.0,78.0,380.0,80.0,213.351370164,0.0,6,3,1,1,0,5.367616585204568,0.0
596eef7c71f933d820d0e485935d0e8f,04769dac8b828ec7a85676d9e2bffe6f,Beauty & Fitness,Hair Care,"Google, Meta",US,All Territories,2023-01-23,USD,20,30,3502.484224437,656.739073791,23,35,3708.484224437,704.089073791,68.603114426,0.0,98.27,0.0,0.0,0.0,0.0,0.0,0.0,75.0,0.0,188.0,0.0,0.0,0.0,0.0,0.0,0.0,3850.0,0.0,32700.0,0.0,0.0,0.0,0.0,0.0,0.0,167.0,52.0,307.0,50.0,322.0,80.0,166.873114426,0.0,0,4,1,0,0,5.123208422768409,0.0
596eef7c71f933d820d0e485935d0e8f,04769dac8b828ec7a85676d9e2bffe6f,Beauty & Fitness,Hair Care,"Google, Meta",US,All Territories,2023-01-24,USD,28,31,4943.977525812,1221.192000876,32,38,5680.967525812,1385.382000876,121.88349237,0.0,146.28,0.0,0.0,2.16,0.0,0.0,0.0,135.0,0.0,252.0,0.0,0.0,7.0,0.0,0.0,0.0,5665.0,0.0,40805.0,0.0,0.0,216.0,0.0,0.0,0.0,161.0,48.0,281.0,26.0,311.0,82.0,268.16349237,2.16,1,4,1,0,0,5.595318973306532,1.1505720275988207
596eef7c71f933d820d0e485935d0e8f,04769dac8b828ec7a85676d9e2bffe6f,Beauty & Fitness,Hair Care,"Google, Meta",US,All Territories,2023-01-25,USD,17,20,2714.972577188,628.319536291,17,20,2714.972577188,628.319536291,110.839780048,0.0,177.35,0.0,0.0,4.59,0.0,0.0,0.0,87.0,0.0,291.0,0.0,0.0,14.0,0.0,0.0,0.0,3307.0,0.0,46675.0,0.0,0.0,323.0,0.0,0.0,0.0,188.0,43.0,265.0,24.0,321.0,85.0,288.189780048,4.59,2,4,1,0,0,5.6670831509603214,1.7209792871670078
596eef7c71f933d820d0e485935d0e8f,04769dac8b828ec7a85676d9e2bffe6f,Beauty & Fitness,Hair Care,"Google, Meta",US,All Territories,2023-01-26,USD,14,17,2297.971322055,683.750992782,18,24,2849.971322055,792.200992782,85.863899452,0.0,127.27,0.0,0.0,4.32,0.0,0.0,0.0,115.0,0.0,236.0,0.0,0.0,8.0,0.0,0.0,0.0,4808.0,0.0,41651.0,0.0,0.0,240.0,0.0,0.0,0.0,216.0,31.0,319.0,114.0,330.0,102.0,213.13389945199998,4.32,3,4,1,0,0,5.36660151772807,1.6714733033535532
596eef7c71f933d820d0e485935d0e8f,04769dac8b828ec7a85676d9e2bffe6f,Beauty & Fitness,Hair Care,"Google, Meta",US,All Territories,2023-01-27,USD,33,37,5819.942677306,1897.742570453,34,38,5988.942677306,1956.892570453,81.452393633,0.0,172.95,0.0,0.0,4.58,0.0,0.0,0.0,114.0,0.0,292.0,0.0,0.0,5.0,0.0,0.0,0.0,3515.0,0.0,49575.0,0.0,0.0,196.0,0.0,0.0,0.0,192.0,60.0,330.0,69.0,366.0,98.0,254.40239363299997,4.58,4,4,1,0,0,5.542840315649275,1.7191887763932197
596eef7c71f933d820d0e485935d0e8f,04769dac8b828ec7a85676d9e2bffe6f,Beauty & Fitness,Hair Care,"Google, Meta",US,All Territories,2023-01-28,USD,45,57,8480.00296948,2543.596276981,51,64,9393.00296948,2863.146276981,78.188891707,0.0,187.33,0.0,0.0,4.97,0.0,0.0,0.0,150.0,0.0,371.0,0.0,0.0,7.0,0.0,0.0,0.0,4517.0,0.0,53829.0,0.0,0.0,245.0,0.0,0.0,0.0,162.0,67.0,386.0,143.0,412.0,94.0,265.518891707,4.97,5,4,1,1,0,5.585445129299828,1.7867469274045107
596eef7c71f933d820d0e485935d0e8f,04769dac8b828ec7a85676d9e2bffe6f,Beauty & Fitness,Hair Care,"Google, Meta",US,All Territories,2023-01-29,USD,36,39,6288.981747232,1796.683009802,38,43,6663.981747232,1900.633009802,77.30684019,0.0,175.88,0.0,0.0,4.83,0.0,0.0,0.0,163.0,0.0,345.0,0.0,0.0,7.0,0.0,0.0,0.0,3809.0,0.0,52857.0,0.0,0.0,336.0,0.0,0.0,0.0,181.0,66.0,419.0,165.0,464.0,87.0,253.18684019,4.83,6,4,1,1,0,5.538069587903071,1.763017000362401
596eef7c71f933d820d0e485935d0e8f,04769dac8b828ec7a85676d9e2bffe6f,Beauty & Fitness,Hair Care,"Google, Meta",US,All Territories,2023-01-30,USD,22,27,3210.961641051,1030.489080326,27,33,3593.961641051,1185.799080326,58.351200575,0.0,209.64,0.0,0.0,1.8,0.0,0.0,0.0,91.0,0.0,329.0,0.0,0.0,2.0,0.0,0.0,0.0,1991.0,0.0,53319.0,0.0,0.0,140.0,0.0,0.0,0.0,198.0,61.0,286.0,128.0,354.0,108.0,267.991200575,1.8,0,5,1,0,0,5.594678667449702,1.0296194171811581
596eef7c71f933d820d0e485935d0e8f,04769dac8b828ec7a85676d9e2bffe6f,Beauty & Fitness,Hair Care,"Google, Meta",US,All Territories,2023-01-31,USD,35,40,5828.956702165,1937.286753395,40,50,6626.956702165,2137.136753395,50.425424092,0.0,162.55,0.0,0.0,0.0,0.0,0.0,0.0,91.0,0.0,217.0,0.0,0.0,0.0,0.0,0.0,0.0,1928.0,0.0,40812.0,0.0,0.0,0.0,0.0,0.0,0.0,221.0,50.0,333.0,73.0,406.0,86.0,212.97542409200003,0.0,1,5,1,0,0,5.365861167735566,0.0
596eef7c71f933d820d0e485935d0e8f,04769dac8b828ec7a85676d9e2bffe6f,Beauty & Fitness,Hair Care,"Google, Meta",US,All Territories,2023-02-01,USD,41,47,7731.988654692,2640.050051071,48,54,8704.988654692,2979.800051071,63.036180533,0.0,159.77,0.0,0.0,0.0,0.0,0.0,0.0,110.0,0.0,221.0,0.0,0.0,0.0,0.0,0.0,0.0,2491.0,0.0,30353.0,0.0,0.0,0.0,0.0,0.0,0.0,206.0,24.0,280.0,144.0,416.0,58.0,222.806180533,0.0,2,5,2,0,0,5.41078041181911,0.0
596eef7c71f933d820d0e485935d0e8f,04769dac8b828ec7a85676d9e2bffe6f,Beauty & Fitness,Hair Care,"Google, Meta",US,All Territories,2023-02-02,USD,33,40,7064.98672503,2430.788811388,33,40,7064.98672503,2430.788811388,80.22,0.0,157.25,0.0,0.0,0.0,0.0,0.0,0.0,240.0,0.0,233.0,0.0,0.0,0.0,0.0,0.0,0.0,20580.0,0.0,36126.0,0.0,0.0,0.0,0.0,0.0,0.0,240.0,29.0,305.0,70.0,369.0,63.0,237.47,0.0,3,5,2,0,0,5.474243516253131,0.0
596eef7c71f933d820d0e485935d0e8f,04769dac8b828ec7a85676d9e2bffe6f,Beauty & Fitness,Hair Care,"Google, Meta",US,All Territories,2023-02-03,USD,27,32,5593.998858309,1991.49661745,29,34,5706.998858309,2031.04661745,50.44,0.0,129.79,0.0,0.0,1.72,0.0,0.0,0.0,75.0,0.0,228.0,0.0,0.0,2.0,0.0,0.0,0.0,2116.0,0.0,31277.0,0.0,0.0,158.0,0.0,0.0,0.0,204.0,49.0,306.0,26.0,322.0,75.0,180.23,1.72,4,5,2,0,0,5.199766942818759,1.000631880307906
596eef7c71f933d820d0e485935d0e8f,04769dac8b828ec7a85676d9e2bffe6f,Beauty & Fitness,Hair Care,"Google, Meta",US,All Territories,2023-02-04,USD,46,56,8486.97230115,2768.040018844,54,69,9541.94230115,3116.990018844,68.063162171,0.0,93.93,0.0,0.0,4.87,0.0,0.0,0.0,65.0,0.0,179.0,0.0,0.0,2.0,0.0,0.0,0.0,1070.0,0.0,34954.0,0.0,0.0,365.0,0.0,0.0,0.0,236.0,45.0,331.0,109.0,453.0,91.0,161.993162171,4.87,5,5,2,1,0,5.093708250055676,1.7698546338400052
596eef7c71f933d820d0e485935d0e8f,04769dac8b828ec7a85676d9e2bffe6f,Beauty & Fitness,Hair Care,"Google, Meta",US,All Territories,2023-02-05,USD,36,38,6461.947513802,2093.229234727,41,44,7181.947513802,2310.529234727,54.077430039,0.0,99.22,0.0,0.0,4.67,0.0,0.0,0.0,31.0,0.0,198.0,0.0,0.0,6.0,0.0,0.0,0.0,1009.0,0.0,36646.0,0.0,0.0,428.0,0.0,0.0,0.0,180.0,52.0,345.0,62.0,383.0,107.0,153.297430039,4.67,6,5,2,1,0,5.038882103617966,1.7351891177396608
596eef7c71f933d820d0e485935d0e8f,04769dac8b828ec7a85676d9e2bffe6f,Beauty & Fitness,Hair Care,"Google, Meta",US,All Territories,2023-02-06,USD,25,37,5056.990363589,1684.090981374,26,126,7487.990363589,3129.590981374,83.771495049,0.0,110.95,0.0,0.0,9.27,0.0,0.0,0.0,122.0,0.0,185.0,0.0,0.0,9.0,0.0,0.0,0.0,2902.0,0.0,33166.0,0.0,0.0,816.0,0.0,0.0,0.0,179.0,49.0,270.0,36.0,329.0,79.0,194.721495049,9.27,0,6,2,0,0,5.276692705105217,2.329227023940467
596eef7c71f933d820d0e485935d0e8f,04769dac8b828ec7a85676d9e2bffe6f,Beauty & Fitness,Hair Care,"Google, Meta",US,All Territories,2023-02-07,USD,35,39,6722.501129219,2206.349504752,46,55,8122.491129219,2693.649504752,73.99007674,0.0,96.09,0.0,0.0,8.91,0.0,0.0,0.0,106.0,0.0,179.0,0.0,0.0,6.0,0.0,0.0,0.0,2921.0,0.0,28306.0,0.0,0.0,741.0,0.0,0.0,0.0,169.0,47.0,285.0,138.0,363.0,72.0,170.08007674,8.91,1,6,2,0,0,5.142131731920683,2.2935443483418965
596eef7c71f933d820d0e485935d0e8f,04769dac8b828ec7a85676d9e2bffe6f,Beauty & Fitness,Hair Care,"Google, Meta",US,All Territories,2023-02-08,USD,35,41,6534.49085494,2311.806488806,42,51,7728.497964305,2599.056488806,69.812525412,0.0,113.02,0.0,0.0,8.27,0.0,0.0,0.0,128.0,0.0,206.0,0.0,0.0,7.0,0.0,0.0,0.0,10958.0,0.0,34563.0,0.0,0.0,622.0,0.0,0.0,0.0,212.0,69.0,285.0,92.0,405.0,117.0,182.832525412,8.27,2,6,2,0,0,5.214025155158129,2.2267833795777636
596eef7c71f933d820d0e485935d0e8f,04769dac8b828ec7a85676d9e2bffe6f,Beauty & Fitness,Hair Care,"Google, Meta",US,All Territories,2023-02-09,USD,23,25,4177.968396606,1137.397363472,29,31,5371.969192599,1641.156526774,50.41,0.0,132.53,0.0,0.0,10.42,0.0,0.0,0.0,51.0,0.0,186.0,0.0,0.0,20.0,0.0,0.0,0.0,960.0,0.0,37184.0,0.0,0.0,1027.0,0.0,0.0,0.0,202.0,47.0,291.0,114.0,369.0,81.0,182.94,10.42,3,6,2,0,0,5.214609617474552,2.435366204227864
596eef7c71f933d820d0e485935d0e8f,04769dac8b828ec7a85676d9e2bffe6f,Beauty & Fitness,Hair Care,"Google, Meta",US,All Territories,2023-02-10,USD,31,37,5653.98506928,1443.38613441,34,42,6181.98506928,1674.53613441,51.37,0.0,129.13,0.0,0.0,6.07,0.0,0.0,0.0,70.0,0.0,219.0,0.0,0.0,12.0,0.0,0.0,0.0,719.0,0.0,37156.0,0.0,0.0,429.0,0.0,0.0,0.0,135.0,25.0,285.0,37.0,341.0,60.0,180.5,6.07,4,6,2,0,0,5.201255653704905,1.9558604799084813
596eef7c71f933d820d0e485935d0e8f,04769dac8b828ec7a85676d9e2bffe6f,Beauty & Fitness,Hair Care,"Google, Meta",US,All Territories,2023-02-11,USD,27,29,4193.981878446,1133.550657456,31,35,5086.981878446,1446.100657456,56.328562422,0.0,113.93,0.0,0.0,7.4,0.0,0.0,0.0,63.0,0.0,210.0,0.0,0.0,11.0,0.0,0.0,0.0,1156.0,0.0,38187.0,0.0,0.0,569.0,0.0,0.0,0.0,165.0,61.0,375.0,221.0,335.0,100.0,170.258562422,7.4,5,6,2,1,0,5.143174475436925,2.128231705849268
596eef7c71f933d820d0e485935d0e8f,04769dac8b828ec7a85676d9e2bffe6f,Beauty & Fitness,Hair Care,"Google, Meta",US,All Territories,2023-02-12,USD,39,50,6660.451277423,1925.99,48,62,8038.450352225,2323.89,106.570299046,0.0,135.18,0.0,0.0,5.63,0.0,0.0,0.0,84.0,0.0,214.0,0.0,0.0,3.0,0.0,0.0,0.0,974.0,0.0,34196.0,0.0,0.0,272.0,0.0,0.0,0.0,208.0,44.0,304.0,115.0,397.0,79.0,241.750299046,5.63,6,6,2,1,0,5.492033339080047,1.891604804197771
596eef7c71f933d820d0e485935d0e8f,04769dac8b828ec7a85676d9e2bffe6f,Beauty & Fitness,Hair Care,"Google, Meta",US,All Territories,2023-02-13,USD,29,37,4767.95543391,1683.278333471,35,45,6061.95543391,2110.628333471,81.339536989,0.0,109.8,0.0,0.0,5.05,0.0,0.0,0.0,67.0,0.0,179.0,0.0,0.0,7.0,0.0,0.0,0.0,657.0,0.0,29867.0,0.0,0.0,140.0,0.0,0.0,0.0,182.0,47.0,291.0,41.0,337.0,86.0,191.139536989,5.05,0,7,2,0,0,5.25822186322018,1.80005827204275
596eef7c71f933d820d0e485935d0e8f,04769dac8b828ec7a85676d9e2bffe6f,Beauty & Fitness,Hair Care,"Google, Meta",US,All Territories,2023-02-14,USD,31,45,6045.946305928,1997.702264926,39,62,7531.937787989,2448.142315954,65.52,0.0,92.04,0.0,0.0,1.09,0.0,0.0,0.0,55.0,0.0,164.0,0.0,0.0,2.0,0.0,0.0,0.0,1100.0,0.0,25272.0,0.0,0.0,45.0,0.0,0.0,0.0,227.0,49.0,328.0,185.0,298.0,89.0,157.56,1.09,1,7,2,0,0,5.066133070581678,0.7371640659767197
596eef7c71f933d820d0e485935d0e8f,04769dac8b828ec7a85676d9e2bffe6f,Beauty & Fitness,Hair Care,"Google, Meta",US,All Territories,2023-02-15,USD,35,38,5496.947954541,1703.627415635,42,51,7418.947954541,2662.587415635,80.510956674,0.0,136.09,0.0,0.0,0.0,0.0,0.0,0.0,81.0,0.0,211.0,0.0,0.0,0.0,0.0,0.0,0.0,2949.0,0.0,31529.0,0.0,0.0,0.0,0.0,0.0,0.0,191.0,45.0,293.0,82.0,290.0,79.0,216.600956674,0.0,2,7,2,0,0,5.382662911451902,0.0
596eef7c71f933d820d0e485935d0e8f,04769dac8b828ec7a85676d9e2bffe6f,Beauty & Fitness,Hair Care,"Google, Meta",US,All Territories,2023-02-16,USD,36,42,5847.973580658,1709.892795156,40,49,6515.947027557,1883.023107343,55.883948443,0.0,150.45,0.0,0.0,0.0,0.0,0.0,0.0,99.0,0.0,224.0,0.0,0.0,0.0,0.0,0.0,0.0,19886.0,0.0,32636.0,0.0,0.0,0.0,0.0,0.0,0.0,208.0,60.0,315.0,27.0,285.0,96.0,206.333948443,0.0,3,7,2,0,0,5.33433077083355,0.0
596eef7c71f933d820d0e485935d0e8f,04769dac8b828ec7a85676d9e2bffe6f,Beauty & Fitness,Hair Care,"Google, Meta",US,All Territories,2023-02-17,USD,45,61,8318.932482723,3251.18154516,62,86,10881.922114081,4331.379787217,84.816129541,0.0,135.63,0.0,0.0,0.0,0.0,0.0,0.0,78.0,0.0,226.0,0.0,0.0,0.0,0.0,0.0,0.0,4841.0,0.0,35454.0,0.0,0.0,0.0,0.0,0.0,0.0,218.0,45.0,288.0,329.0,341.0,92.0,220.446129541,0.0,4,7,2,0,0,5.400179352415611,0.0
596eef7c71f933d820d0e485935d0e8f,04769dac8b828ec7a85676d9e2bffe6f,Beauty & Fitness,Hair Care,"Google, Meta",US,All Territories,2023-02-18,USD,53,68,9669.971924993,3850.764175159,63,90,11387.971924993,4533.014175159,91.63135304,0.0,169.84,0.0,0.0,0.0,0.0,0.0,0.0,65.0,0.0,252.0,0.0,0.0,0.0,0.0,0.0,0.0,2285.0,0.0,41746.0,0.0,0.0,0.0,0.0,0.0,0.0,195.0,48.0,321.0,166.0,304.0,74.0,261.47135304,0.0,5,7,2,1,0,5.570141944800237,0.0
596eef7c71f933d820d0e485935d0e8f,04769dac8b828ec7a85676d9e2bffe6f,Beauty & Fitness,Hair Care,"Google, Meta",US,All Territories,2023-02-19,USD,57,74,9844.95770847,3815.789993903,64,93,11180.45770847,4338.189993903,75.149540955,0.0,183.14,0.0,0.0,0.0,0.0,0.0,0.0,70.0,0.0,245.0,0.0,0.0,0.0,0.0,0.0,0.0,1886.0,0.0,43073.0,0.0,0.0,0.0,0.0,0.0,0.0,194.0,47.0,333.0,214.0,318.0,86.0,258.289540955,0.0,6,7,2,1,0,5.557945356038864,0.0
596eef7c71f933d820d0e485935d0e8f,04769dac8b828ec7a85676d9e2bffe6f,Beauty & Fitness,Hair Care,"Google, Meta",US,All Territories,2023-02-20,USD,78,102,13465.891883949,5343.12829369,92,124,16022.882161343,6500.129891277,93.722778041,0.0,214.86,0.0,0.0,0.0,0.0,0.0,0.0,91.0,0.0,244.0,0.0,0.0,0.0,0.0,0.0,0.0,1248.0,0.0,41431.0,0.0,0.0,0.0,0.0,0.0,0.0,242.0,77.0,300.0,341.0,325.0,126.0,308.582778041,0.0,0,8,2,0,0,5.735225513685804,0.0
596eef7c71f933d820d0e485935d0e8f,04769dac8b828ec7a85676d9e2bffe6f,Beauty & Fitness,Hair Care,"Google, Meta",US,All Territories,2023-02-21,USD,38,53,7489.97991878,2944.44422818,50,72,9048.948860799,3567.317852085,66.11132377,0.0,142.34,0.0,0.0,0.0,0.0,0.0,0.0,61.0,0.0,207.0,0.0,0.0,0.0,0.0,0.0,0.0,984.0,0.0,32243.0,0.0,0.0,0.0,0.0,0.0,0.0,212.0,40.0,336.0,129.0,300.0,73.0,208.45132377,0.0,1,8,2,0,0,5.344491367592694,0.0
596eef7c71f933d820d0e485935d0e8f,04769dac8b828ec7a85676d9e2bffe6f,Beauty & Fitness,Hair Care,"Google, Meta",US,All Territories,2023-02-22,USD,34,46,6610.49,2683.8,41,56,7694.48,3105.4,63.35,0.0,166.56,0.0,0.0,0.0,0.0,0.0,0.0,61.0,0.0,241.0,0.0,0.0,0.0,0.0,0.0,0.0,577.0,0.0,36608.0,0.0,0.0,0.0,0.0,0.0,0.0,188.0,47.0,297.0,53.0,284.0,82.0,229.91,0.0,2,8,2,0,0,5.442028024214336,0.0
596eef7c71f933d820d0e485935d0e8f,04769dac8b828ec7a85676d9e2bffe6f,Beauty & Fitness,Hair Care,"Google, Meta",US,All Territories,2023-02-23,USD,54,67,9564.959778105,3716.384265459,62,86,10944.959778105,4268.384265459,55.075832713,0.0,134.64,0.0,0.0,0.0,0.0,0.0,0.0,82.0,0.0,222.0,0.0,0.0,0.0,0.0,0.0,0.0,2360.0,0.0,38991.0,0.0,0.0,0.0,0.0,0.0,0.0,204.0,62.0,372.0,217.0,246.0,93.0,189.715832713,0.0,3,8,2,0,0,5.250784533349883,0.0
596eef7c71f933d820d0e485935d0e8f,04769dac8b828ec7a85676d9e2bffe6f,Beauty & Fitness,Hair Care,"Google, Meta",US,All Territories,2023-02-24,USD,46,69,9323.980733825,3666.399684588,51,77,10572.980733825,4205.999684588,67.276807971,0.0,207.88,0.0,0.0,0.0,0.0,0.0,0.0,70.0,0.0,288.0,0.0,0.0,0.0,0.0,0.0,0.0,581.0,0.0,45599.0,0.0,0.0,0.0,0.0,0.0,0.0,237.0,54.0,359.0,112.0,261.0,101.0,275.156807971,0.0,4,8,2,0,0,5.620968849206448,0.0
596eef7c71f933d820d0e485935d0e8f,04769dac8b828ec7a85676d9e2bffe6f,Beauty & Fitness,Hair Care,"Google, Meta",US,All Territories,2023-02-25,USD,45,62,8512.973179308,3380.041804964,55,89,9738.443179308,3832.821804964,52.132195973,0.0,194.04,0.0,0.0,0.0,0.0,0.0,0.0,85.0,0.0,272.0,0.0,0.0,0.0,0.0,0.0,0.0,2099.0,0.0,48236.0,0.0,0.0,0.0,0.0,0.0,0.0,537.0,70.0,353.0,54.0,334.0,99.0,246.172195973,0.0,5,8,2,1,0,5.510085243420276,0.0
596eef7c71f933d820d0e485935d0e8f,04769dac8b828ec7a85676d9e2bffe6f,Beauty & Fitness,Hair Care,"Google, Meta",US,All Territories,2023-02-26,USD,38,47,7213.998036406,2866.201290945,49,70,9147.988036406,3734.391290945,64.309571466,0.0,153.15,0.0,0.0,0.0,0.0,0.0,0.0,116.0,0.0,231.0,0.0,0.0,0.0,0.0,0.0,0.0,2255.0,0.0,35369.0,0.0,0.0,0.0,0.0,0.0,0.0,201.0,61.0,343.0,48.0,332.0,91.0,217.459571466,0.0,6,8,2,1,0,5.386600969800363,0.0
596eef7c71f933d820d0e485935d0e8f,04769dac8b828ec7a85676d9e2bffe6f,Beauty & Fitness,Hair Care,"Google, Meta",US,All Territories,2023-02-27,USD,42,49,8437.978409789,3345.486417648,44,51,8835.978409789,3504.686417648,38.613029284,0.0,176.69,0.0,0.0,0.0,0.0,0.0,0.0,99.0,0.0,229.0,0.0,0.0,0.0,0.0,0.0,0.0,2259.0,0.0,34854.0,0.0,0.0,0.0,0.0,0.0,0.0,230.0,46.0,290.0,125.0,309.0,78.0,215.303029284,0.0,0,9,2,0,0,5.376680337872502,0.0
596eef7c71f933d820d0e485935d0e8f,04769dac8b828ec7a85676d9e2bffe6f,Beauty & Fitness,Hair Care,"Google, Meta",US,All Territories,2023-02-28,USD,34,40,6624.968293953,2674.392248734,36,44,6960.968293953,2808.792248734,56.067357272,0.0,128.06,0.0,0.0,0.0,0.0,0.0,0.0,146.0,0.0,179.0,0.0,0.0,0.0,0.0,0.0,0.0,4478.0,0.0,27911.0,0.0,0.0,0.0,0.0,0.0,0.0,303.0,48.0,270.0,53.0,265.0,77.0,184.127357272,0.0,1,9,2,0,0,5.2210440059140515,0.0
596eef7c71f933d820d0e485935d0e8f,04769dac8b828ec7a85676d9e2bffe6f,Beauty & Fitness,Hair Care,"Google, Meta",US,All Territories,2023-03-01,USD,32,42,5621.971579145,2086.460631658,34,44,5855.471579145,2160.090631658,55.482819453,0.0,154.35,0.0,0.0,0.0,0.0,0.0,0.0,153.0,0.0,199.0,0.0,0.0,0.0,0.0,0.0,0.0,7611.0,0.0,31344.0,0.0,0.0,0.0,0.0,0.0,0.0,246.0,41.0,312.0,169.0,228.0,70.0,209.83281945299998,0.0,2,9,3,0,0,5.35106549455352,0.0
596eef7c71f933d820d0e485935d0e8f,04769dac8b828ec7a85676d9e2bffe6f,Beauty & Fitness,Hair Care,"Google, Meta",US,All Territories,2023-03-02,USD,29,47,4534.972522666,1544.938442626,30,48,4623.972522666,1544.938442626,59.930744857,0.0,143.93,0.0,0.0,0.0,0.0,0.0,0.0,146.0,0.0,233.0,0.0,0.0,0.0,0.0,0.0,0.0,4705.0,0.0,37013.0,0.0,0.0,0.0,0.0,0.0,0.0,213.0,59.0,284.0,75.0,200.0,89.0,203.86074485700001,0.0,3,9,3,0,0,5.322330454933635,0.0
596eef7c71f933d820d0e485935d0e8f,04769dac8b828ec7a85676d9e2bffe6f,Beauty & Fitness,Hair Care,"Google, Meta",US,All Territories,2023-03-03,USD,26,39,5041.972763376,1379.64053368,32,50,6314.972763376,1639.84053368,60.947602509,0.0,155.76,0.0,0.0,0.0,0.0,0.0,0.0,65.0,0.0,212.0,0.0,0.0,0.0,0.0,0.0,0.0,654.0,0.0,33213.0,0.0,0.0,0.0,0.0,0.0,0.0,236.0,38.0,275.0,332.0,254.0,67.0,216.707602509,0.0,4,9,3,0,0,5.3831528895829726,0.0
596eef7c71f933d820d0e485935d0e8f,04769dac8b828ec7a85676d9e2bffe6f,Beauty & Fitness,Hair Care,"Google, Meta",US,All Territories,2023-03-04,USD,32,38,5547.979521089,1090.69851731,35,44,5980.969521089,1262.48851731,55.274810861,0.0,146.71,0.0,0.0,0.0,0.0,0.0,0.0,91.0,0.0,237.0,0.0,0.0,0.0,0.0,0.0,0.0,2026.0,0.0,38094.0,0.0,0.0,0.0,0.0,0.0,0.0,190.0,47.0,380.0,136.0,258.0,86.0,201.984810861,0.0,5,9,3,1,0,5.3131311528975536,0.0
596eef7c71f933d820d0e485935d0e8f,04769dac8b828ec7a85676d9e2bffe6f,Beauty & Fitness,Hair Care,"Google, Meta",US,All Territories,2023-03-05,USD,27,31,4458.971805636,950.186187378,30,34,4666.961805636,989.686187378,47.428291635,0.0,193.48,0.0,0.0,0.0,0.0,0.0,0.0,85.0,0.0,324.0,0.0,0.0,0.0,0.0,0.0,0.0,2108.0,0.0,42470.0,0.0,0.0,0.0,0.0,0.0,0.0,170.0,53.0,350.0,242.0,274.0,88.0,240.90829163499998,0.0,6,9,3,1,0,5.488558694147178,0.0
596eef7c71f933d820d0e485935d0e8f,04769dac8b828ec7a85676d9e2bffe6f,Beauty & Fitness,Hair Care,"Google, Meta",US,All Territories,2023-03-06,USD,31,43,5315.972449376,1766.63647861,35,51,5678.972449376,1898.63647861,59.600122244,0.0,138.79,0.0,0.0,0.0,0.0,0.0,0.0,54.0,0.0,237.0,0.0,0.0,0.0,0.0,0.0,0.0,961.0,0.0,37110.0,0.0,0.0,0.0,0.0,0.0,0.0,216.0,41.0,281.0,128.0,224.0,77.0,198.390122244,0.0,0,10,3,0,0,5.295263318908544,0.0
596eef7c71f933d820d0e485935d0e8f,04769dac8b828ec7a85676d9e2bffe6f,Beauty & Fitness,Hair Care,"Google, Meta",US,All Territories,2023-03-07,USD,15,17,2908.988413487,844.049114208,19,21,3279.988413487,893.449114208,61.4669956,0.0,196.21,0.0,0.0,0.0,0.0,0.0,0.0,64.0,0.0,287.0,0.0,0.0,0.0,0.0,0.0,0.0,1072.0,0.0,39889.0,0.0,0.0,0.0,0.0,0.0,0.0,178.0,34.0,298.0,60.0,257.0,75.0,257.6769956,0.0,1,10,3,0,0,5.555580162161169,0.0
596eef7c71f933d820d0e485935d0e8f,04769dac8b828ec7a85676d9e2bffe6f,Beauty & Fitness,Hair Care,"Google, Meta",US,All Territories,2023-03-08,USD,21,22,4488.990804392,1755.342011579,32,58,7366.970804392,3133.832011579,88.872445984,0.0,132.44,0.0,0.0,0.0,0.0,0.0,0.0,68.0,0.0,235.0,0.0,0.0,0.0,0.0,0.0,0.0,1204.0,0.0,33835.0,0.0,0.0,0.0,0.0,0.0,0.0,195.0,41.0,252.0,236.0,247.0,73.0,221.312445984,0.0,2,10,3,0,0,5.404083806735352,0.0
596eef7c71f933d820d0e485935d0e8f,04769dac8b828ec7a85676d9e2bffe6f,Beauty & Fitness,Hair Care,"Google, Meta",US,All Territories,2023-03-09,USD,16,16,2794.99,786.05,17,17,2933.99,786.05,72.98,0.0,156.78,0.0,0.0,0.0,0.0,0.0,0.0,55.0,0.0,249.0,0.0,0.0,0.0,0.0,0.0,0.0,1005.0,0.0,35187.0,0.0,0.0,0.0,0.0,0.0,0.0,158.0,33.0,222.0,44.0,178.0,66.0,229.76,0.0,3,10,3,0,0,5.441378209388689,0.0
596eef7c71f933d820d0e485935d0e8f,04769dac8b828ec7a85676d9e2bffe6f,Beauty & Fitness,Hair Care,"Google, Meta",US,All Territories,2023-03-10,USD,24,28,3968.96,1131.65,32,51,5062.94,1540.44,80.6,0.0,131.27,0.0,0.0,0.0,0.0,0.0,0.0,60.0,0.0,206.0,0.0,0.0,0.0,0.0,0.0,0.0,898.0,0.0,34136.0,0.0,0.0,0.0,0.0,0.0,0.0,179.0,36.0,236.0,142.0,217.0,72.0,211.87,0.0,4,10,3,0,0,5.360681650744587,0.0
596eef7c71f933d820d0e485935d0e8f,04769dac8b828ec7a85676d9e2bffe6f,Beauty & Fitness,Hair Care,"Google, Meta",US,All Territories,2023-03-11,USD,22,30,3538.48,925.45,27,37,4326.47,1098.95,85.99,0.0,228.94,0.0,0.0,0.0,0.0,0.0,0.0,63.0,0.0,347.0,0.0,0.0,0.0,0.0,0.0,0.0,892.0,0.0,48761.0,0.0,0.0,0.0,0.0,0.0,0.0,168.0,47.0,330.0,34.0,191.0,73.0,314.93,0.0,5,10,3,1,0,5.755520670060616,0.0
596eef7c71f933d820d0e485935d0e8f,04769dac8b828ec7a85676d9e2bffe6f,Beauty & Fitness,Hair Care,"Google, Meta",US,All Territories,2023-03-12,USD,30,33,4628.00103303,1256.45,31,34,4727.00103303,1266.35,63.28,0.0,146.51,0.0,0.0,0.0,0.0,0.0,0.0,61.0,0.0,266.0,0.0,0.0,0.0,0.0,0.0,0.0,1203.0,0.0,39590.0,0.0,0.0,0.0,0.0,0.0,0.0,167.0,22.0,279.0,28.0,188.0,51.0,209.79,0.0,6,10,3,1,0,5.350862377211803,0.0
596eef7c71f933d820d0e485935d0e8f,04769dac8b828ec7a85676d9e2bffe6f,Beauty & Fitness,Hair Care,"Google, Meta",US,All Territories,2023-03-13,USD,34,52,5039.92,1980.12,41,63,6119.92,2478.12,56.12,0.0,175.8,0.0,0.0,0.0,0.0,0.0,0.0,46.0,0.0,266.0,0.0,0.0,0.0,0.0,0.0,0.0,807.0,0.0,38882.0,0.0,0.0,0.0,0.0,0.0,0.0,204.0,36.0,265.0,323.0,168.0,88.0,231.92000000000002,0.0,0,11,3,0,0,5.450695046968919,0.0
596eef7c71f933d820d0e485935d0e8f,04769dac8b828ec7a85676d9e2bffe6f,Beauty & Fitness,Hair Care,"Google, Meta",US,All Territories,2023-03-14,USD,21,29,3613.970650855,1155.65,25,33,4159.969350856,1329.703515333,99.512093514,0.0,169.84,0.0,51.65,0.0,0.0,0.0,0.0,66.0,0.0,241.0,0.0,14.0,0.0,0.0,0.0,0.0,873.0,0.0,40364.0,0.0,10709.0,0.0,0.0,0.0,0.0,218.0,49.0,356.0,125.0,230.0,100.0,321.00209351399997,0.0,1,11,3,0,0,5.774558047119546,0.0
596eef7c71f933d820d0e485935d0e8f,04769dac8b828ec7a85676d9e2bffe6f,Beauty & Fitness,Hair Care,"Google, Meta",US,All Territories,2023-03-15,USD,27,37,4464.491196086,1149.050111689,34,46,5610.490138326,1565.315052413,66.643755893,0.0,203.76,0.0,60.69,0.0,0.0,0.0,0.0,59.0,0.0,294.0,0.0,17.0,0.0,0.0,0.0,0.0,990.0,0.0,44213.0,0.0,3186.0,0.0,0.0,0.0,0.0,193.0,56.0,350.0,142.0,222.0,115.0,331.093755893,0.0,2,11,3,0,0,5.805417326317958,0.0
596eef7c71f933d820d0e485935d0e8f,04769dac8b828ec7a85676d9e2bffe6f,Beauty & Fitness,Hair Care,"Google, Meta",US,All Territories,2023-03-16,USD,27,29,4472.97772047,1251.99054594,32,36,6030.97772047,1918.34054594,87.920883898,0.0,170.92,0.0,0.0,0.0,0.0,0.0,0.0,64.0,0.0,266.0,0.0,0.0,0.0,0.0,0.0,0.0,504.0,0.0,43980.0,0.0,0.0,0.0,0.0,0.0,0.0,189.0,49.0,338.0,70.0,275.0,91.0,258.840883898,0.0,3,11,3,0,0,5.560069458668575,0.0
596eef7c71f933d820d0e485935d0e8f,04769dac8b828ec7a85676d9e2bffe6f,Beauty & Fitness,Hair Care,"Google, Meta",US,All Territories,2023-03-17,USD,25,34,4393.00025916,1168.602125251,26,35,4492.00025916,1203.252125251,70.756096404,0.0,157.06,0.0,90.2,0.0,0.0,0.0,0.0,58.0,0.0,279.0,0.0,34.0,0.0,0.0,0.0,0.0,890.0,0.0,42765.0,0.0,4567.0,0.0,0.0,0.0,0.0,172.0,45.0,342.0,35.0,236.0,94.0,318.016096404,0.0,4,11,3,0,0,5.765241560458543,0.0
596eef7c71f933d820d0e485935d0e8f,04769dac8b828ec7a85676d9e2bffe6f,Beauty & Fitness,Hair Care,"Google, Meta",US,All Territories,2023-03-18,USD,29,36,4236.981164908,1146.103191072,34,42,4492.981164908,1262.713191072,81.077002848,0.0,186.53,0.0,0.54,0.0,0.0,0.0,0.0,76.0,0.0,310.0,0.0,0.0,0.0,0.0,0.0,0.0,406.0,0.0,46274.0,0.0,45.0,0.0,0.0,0.0,0.0,221.0,60.0,328.0,112.0,285.0,107.0,268.147002848,0.0,5,11,3,1,0,5.595257709325422,0.0
596eef7c71f933d820d0e485935d0e8f,04769dac8b828ec7a85676d9e2bffe6f,Beauty & Fitness,Hair Care,"Google, Meta",US,All Territories,2023-03-19,USD,28,43,5924.967814736,2073.722467065,31,47,6365.967814736,2228.072467065,77.790211886,0.0,200.01,0.0,0.0,0.0,0.0,0.0,0.0,72.0,0.0,336.0,0.0,0.0,0.0,0.0,0.0,0.0,594.0,0.0,43807.0,0.0,0.0,0.0,0.0,0.0,0.0,158.0,53.0,355.0,52.0,360.0,91.0,277.800211886,0.0,6,11,3,1,0,5.630495438878906,0.0
596eef7c71f933d820d0e485935d0e8f,04769dac8b828ec7a85676d9e2bffe6f,Beauty & Fitness,Hair Care,"Google, Meta",US,All Territories,2023-03-20,USD,37,47,5526.476044962,1740.199445177,41,53,6440.476044962,2060.099445177,64.120635217,0.0,172.94,0.0,0.0,0.0,0.0,0.0,0.0,60.0,0.0,288.0,0.0,0.0,0.0,0.0,0.0,0.0,591.0,0.0,38910.0,0.0,0.0,0.0,0.0,0.0,0.0,213.0,39.0,368.0,121.0,379.0,78.0,237.060635217,0.0,0,12,3,0,0,5.472525411042483,0.0
596eef7c71f933d820d0e485935d0e8f,04769dac8b828ec7a85676d9e2bffe6f,Beauty & Fitness,Hair Care,"Google, Meta",US,All Territories,2023-03-21,USD,31,41,5363.491720632,1761.334980954,38,49,6308.487049246,2022.436628185,58.756365925,0.0,178.52,0.0,0.0,0.0,0.0,0.0,0.0,48.0,0.0,261.0,0.0,0.0,0.0,0.0,0.0,0.0,549.0,0.0,39689.0,0.0,0.0,0.0,0.0,0.0,0.0,203.0,42.0,308.0,92.0,328.0,102.0,237.276365925,0.0,1,12,3,0,0,5.473431201364178,0.0
596eef7c71f933d820d0e485935d0e8f,04769dac8b828ec7a85676d9e2bffe6f,Beauty & Fitness,Hair Care,"Google, Meta",US,All Territories,2023-03-22,USD,22,29,3563.979744027,1188.283190901,25,32,3902.479744027,1303.083190901,53.132955798,0.0,201.44,0.0,0.0,0.0,0.0,0.0,0.0,68.0,0.0,320.0,0.0,0.0,0.0,0.0,0.0,0.0,1139.0,0.0,45707.0,0.0,0.0,0.0,0.0,0.0,0.0,223.0,41.0,275.0,122.0,248.0,91.0,254.572955798,0.0,2,12,3,0,0,5.543507910168363,0.0
596eef7c71f933d820d0e485935d0e8f,04769dac8b828ec7a85676d9e2bffe6f,Beauty & Fitness,Hair Care,"Google, Meta",US,All Territories,2023-03-23,USD,18,27,2905.938889777,850.637979218,21,32,3540.943945492,1037.341935427,61.322025127,0.0,184.52,0.0,0.0,0.0,0.0,0.0,0.0,48.0,0.0,300.0,0.0,0.0,0.0,0.0,0.0,0.0,481.0,0.0,53142.0,0.0,0.0,0.0,0.0,0.0,0.0,246.0,49.0,372.0,66.0,307.0,124.0,245.842025127,0.0,3,12,3,0,0,5.508748557628416,0.0
596eef7c71f933d820d0e485935d0e8f,04769dac8b828ec7a85676d9e2bffe6f,Beauty & Fitness,Hair Care,"Google, Meta",US,All Territories,2023-03-24,USD,29,38,5208.971002289,1626.376755911,33,42,5855.961002289,1850.266755911,57.956960552,0.0,179.41,0.0,0.0,0.0,0.0,0.0,0.0,62.0,0.0,307.0,0.0,0.0,0.0,0.0,0.0,0.0,1119.0,0.0,51550.0,0.0,0.0,0.0,0.0,0.0,0.0,182.0,34.0,349.0,26.0,287.0,83.0,237.366960552,0.0,4,12,3,0,0,5.4738113372983594,0.0
596eef7c71f933d820d0e485935d0e8f,04769dac8b828ec7a85676d9e2bffe6f,Beauty & Fitness,Hair Care,"Google, Meta",US,All Territories,2023-03-25,USD,25,30,3863.978092102,1219.593745741,31,40,4587.951157196,1371.847070207,44.697490144,0.0,169.05,0.0,0.0,0.0,0.0,0.0,0.0,44.0,0.0,309.0,0.0,0.0,0.0,0.0,0.0,0.0,601.0,0.0,41793.0,0.0,0.0,0.0,0.0,0.0,0.0,187.0,41.0,401.0,147.0,342.0,98.0,213.747490144,0.0,5,12,3,1,0,5.3694628734573016,0.0
596eef7c71f933d820d0e485935d0e8f,04769dac8b828ec7a85676d9e2bffe6f,Beauty & Fitness,Hair Care,"Google, Meta",US,All Territories,2023-03-26,USD,25,31,4377.0,1620.16,31,39,5159.000955272,1878.810696598,57.010731236,0.0,201.89,0.0,0.0,0.0,0.0,0.0,0.0,41.0,0.0,257.0,0.0,0.0,0.0,0.0,0.0,0.0,667.0,0.0,39947.0,0.0,0.0,0.0,0.0,0.0,0.0,178.0,47.0,365.0,97.0,314.0,83.0,258.90073123599996,0.0,6,12,3,1,0,5.5602997551717666,0.0
596eef7c71f933d820d0e485935d0e8f,04769dac8b828ec7a85676d9e2bffe6f,Beauty & Fitness,Hair Care,"Google, Meta",US,All Territories,2023-03-27,USD,30,37,4995.993511837,1766.962788822,33,43,5504.993511837,1892.962788822,82.377908624,0.0,190.73,0.0,0.0,0.0,0.0,0.0,0.0,66.0,0.0,402.0,0.0,0.0,0.0,0.0,0.0,0.0,1392.0,0.0,39971.0,0.0,0.0,0.0,0.0,0.0,0.0,189.0,41.0,369.0,27.0,284.0,133.0,273.107908624,0.0,0,13,3,0,0,5.613521855953425,0.0
596eef7c71f933d820d0e485935d0e8f,04769dac8b828ec7a85676d9e2bffe6f,Beauty & Fitness,Hair Care,"Google, Meta",US,All Territories,2023-03-28,USD,22,25,3860.503463641,1355.740108915,25,29,4386.497950824,1505.191489507,74.17,0.0,106.46,0.0,49.57,0.0,0.0,0.0,0.0,92.0,0.0,189.0,0.0,11.0,0.0,0.0,0.0,0.0,3357.0,0.0,29489.0,0.0,3378.0,0.0,0.0,0.0,0.0,190.0,49.0,325.0,101.0,273.0,103.0,230.2,0.0,1,13,3,0,0,5.443283136798223,0.0
596eef7c71f933d820d0e485935d0e8f,04769dac8b828ec7a85676d9e2bffe6f,Beauty & Fitness,Hair Care,"Google, Meta",US,All Territories,2023-03-29,USD,25,32,4436.961170944,1425.013358684,28,35,4644.461170944,1490.813358684,105.150705308,0.0,188.11,0.0,27.39,0.0,0.0,0.0,0.0,134.0,0.0,252.0,0.0,12.0,0.0,0.0,0.0,0.0,6351.0,0.0,46691.0,0.0,1730.0,0.0,0.0,0.0,0.0,210.0,44.0,306.0,85.0,298.0,96.0,320.650705308,0.0,2,13,3,0,0,5.773466190635578,0.0
596eef7c71f933d820d0e485935d0e8f,04769dac8b828ec7a85676d9e2bffe6f,Beauty & Fitness,Hair Care,"Google, Meta",US,All Territories,2023-03-30,USD,27,31,4365.978646804,1415.853190599,29,33,4643.978646804,1464.503190599,85.68,0.0,242.84,0.0,6.87,0.0,0.0,0.0,0.0,187.0,0.0,356.0,0.0,4.0,0.0,0.0,0.0,0.0,8052.0,0.0,44810.0,0.0,180.0,0.0,0.0,0.0,0.0,173.0,42.0,332.0,37.0,224.0,84.0,335.39,0.0,3,13,3,0,0,5.818271201140899,0.0
596eef7c71f933d820d0e485935d0e8f,04769dac8b828ec7a85676d9e2bffe6f,Beauty & Fitness,Hair Care,"Google, Meta",US,All Territories,2023-03-31,USD,13,17,1736.975847967,522.853513572,17,21,2302.975847967,653.283513572,107.287685873,0.0,267.29,0.0,2.14,0.0,0.0,0.0,0.0,242.0,0.0,384.0,0.0,3.0,0.0,0.0,0.0,0.0,18231.0,0.0,45692.0,0.0,139.0,0.0,0.0,0.0,0.0,138.0,49.0,330.0,20.0,217.0,98.0,376.717685873,0.0,4,13,3,0,0,5.934147053808802,0.0
596eef7c71f933d820d0e485935d0e8f,04769dac8b828ec7a85676d9e2bffe6f,Beauty & Fitness,Hair Care,"Google, Meta",US,All Territories,2023-04-01,USD,25,27,3729.932300661,1034.057803322,31,33,4277.922300661,1216.947803322,99.309677984,0.0,325.19,0.0,2.82,0.0,0.0,0.0,0.0,174.0,0.0,519.0,0.0,1.0,0.0,0.0,0.0,0.0,8399.0,0.0,57982.0,0.0,216.0,0.0,0.0,0.0,0.0,164.0,64.0,397.0,131.0,238.0,113.0,427.319677984,0.0,5,13,4,1,0,6.05986982796003,0.0
596eef7c71f933d820d0e485935d0e8f,04769dac8b828ec7a85676d9e2bffe6f,Beauty & Fitness,Hair Care,"Google, Meta",US,All Territories,2023-04-02,USD,36,44,5371.449671388,1584.777796793,40,50,5916.436513188,1775.517778493,102.709385008,0.0,342.46,0.0,4.35,0.0,0.0,0.0,0.0,131.0,0.0,578.0,0.0,10.0,0.0,0.0,0.0,0.0,2062.0,0.0,61016.0,0.0,384.0,0.0,0.0,0.0,0.0,171.0,52.0,379.0,76.0,217.0,77.0,449.519385008,0.0,6,13,4,1,0,6.110401106107091,0.0
596eef7c71f933d820d0e485935d0e8f,04769dac8b828ec7a85676d9e2bffe6f,Beauty & Fitness,Hair Care,"Google, Meta",US,All Territories,2023-04-03,USD,23,28,4395.001186667,1287.501963388,25,31,4544.001186667,1324.651963388,151.688715908,0.0,248.34,0.0,6.8,0.0,0.0,0.0,0.0,401.0,0.0,424.0,0.0,1.0,0.0,0.0,0.0,0.0,21677.0,0.0,53934.0,0.0,591.0,0.0,0.0,0.0,0.0,205.0,42.0,325.0,106.0,225.0,104.0,406.828715908,0.0,0,14,4,0,0,6.010847272306633,0.0
596eef7c71f933d820d0e485935d0e8f,04769dac8b828ec7a85676d9e2bffe6f,Beauty & Fitness,Hair Care,"Google, Meta",US,All Territories,2023-04-04,USD,23,31,4301.99871796,1274.826661964,25,34,4530.98871796,1348.456661964,143.292229593,0.0,159.79,0.0,25.18,0.0,0.0,0.0,0.0,264.0,0.0,244.0,0.0,20.0,0.0,0.0,0.0,0.0,19477.0,0.0,42990.0,0.0,2005.0,0.0,0.0,0.0,0.0,200.0,39.0,322.0,52.0,217.0,79.0,328.262229593,0.0,1,14,4,0,0,5.79685448372401,0.0
596eef7c71f933d820d0e485935d0e8f,04769dac8b828ec7a85676d9e2bffe6f,Beauty & Fitness,Hair Care,"Google, Meta",US,All Territories,2023-04-05,USD,37,70,6338.970807204,1946.296298376,47,89,8006.960482694,2362.898313817,195.866187616,0.0,208.74,0.0,12.77,0.0,0.0,0.0,0.0,259.0,0.0,280.0,0.0,25.0,0.0,0.0,0.0,0.0,12017.0,0.0,48174.0,0.0,1302.0,0.0,0.0,0.0,0.0,161.0,54.0,315.0,218.0,204.0,93.0,417.376187616,0.0,2,14,4,0,0,6.036380998167438,0.0
596eef7c71f933d820d0e485935d0e8f,04769dac8b828ec7a85676d9e2bffe6f,Beauty & Fitness,Hair Care,"Google, Meta",US,All Territories,2023-04-06,USD,32,65,5584.931858349,1822.228004102,38,74,6203.420921103,2037.876299203,116.42,0.0,167.06,0.0,33.11,0.0,0.0,0.0,0.0,85.0,0.0,243.0,0.0,39.0,0.0,0.0,0.0,0.0,1182.0,0.0,38919.0,0.0,2402.0,0.0,0.0,0.0,0.0,211.0,52.0,325.0,98.0,263.0,104.0,316.59000000000003,0.0,3,14,4,0,0,5.760761242731186,0.0
596eef7c71f933d820d0e485935d0e8f,04769dac8b828ec7a85676d9e2bffe6f,Beauty & Fitness,Hair Care,"Google, Meta",US,All Territories,2023-04-07,USD,29,49,4752.98,1626.02,30,50,4851.982761742,1626.02,86.93,0.0,102.33,0.0,6.99,0.0,0.0,0.0,0.0,85.0,0.0,240.0,0.0,5.0,0.0,0.0,0.0,0.0,1329.0,0.0,33403.0,0.0,532.0,0.0,0.0,0.0,0.0,151.0,35.0,334.0,64.0,191.0,82.0,196.25,0.0,4,14,4,0,0,5.284471959725984,0.0
596eef7c71f933d820d0e485935d0e8f,04769dac8b828ec7a85676d9e2bffe6f,Beauty & Fitness,Hair Care,"Google, Meta",US,All Territories,2023-04-08,USD,27,48,4621.981773956,1590.701672985,31,57,5356.971773956,1854.811672985,93.93217835,0.0,167.5,0.0,10.72,0.0,0.0,0.0,0.0,110.0,0.0,365.0,0.0,4.0,0.0,0.0,0.0,0.0,1173.0,0.0,38902.0,0.0,942.0,0.0,0.0,0.0,0.0,200.0,40.0,314.0,35.0,238.0,82.0,272.15217835000004,0.0,5,14,4,1,0,5.610029069732131,0.0
596eef7c71f933d820d0e485935d0e8f,04769dac8b828ec7a85676d9e2bffe6f,Beauty & Fitness,Hair Care,"Google, Meta",US,All Territories,2023-04-09,USD,41,64,6783.979060114,2358.632680561,45,71,7335.979060114,2515.432680561,113.929482937,0.0,159.61,0.0,21.74,0.0,0.0,0.0,0.0,127.0,0.0,203.0,0.0,16.0,0.0,0.0,0.0,0.0,911.0,0.0,26215.0,0.0,1618.0,0.0,0.0,0.0,0.0,172.0,64.0,358.0,119.0,230.0,91.0,295.279482937,0.0,6,14,4,1,0,5.6913032079599555,0.0
596eef7c71f933d820d0e485935d0e8f,04769dac8b828ec7a85676d9e2bffe6f,Beauty & Fitness,Hair Care,"Google, Meta",US,All Territories,2023-04-10,USD,26,48,4486.470096473,1547.742812506,31,54,5252.470096473,1805.842812506,111.937079206,0.0,102.05,0.0,14.34,0.0,0.0,0.0,0.0,101.0,0.0,206.0,0.0,12.0,0.0,0.0,0.0,0.0,842.0,0.0,31764.0,0.0,1206.0,0.0,0.0,0.0,0.0,193.0,55.0,327.0,75.0,239.0,87.0,228.327079206,0.0,0,15,4,0,0,5.435149277989306,0.0
596eef7c71f933d820d0e485935d0e8f,04769dac8b828ec7a85676d9e2bffe6f,Beauty & Fitness,Hair Care,"Google, Meta",US,All Territories,2023-04-11,USD,24,48,3668.96072991,1113.172868352,31,60,5024.96072991,1600.192868352,110.936009453,0.0,119.1,2.86,1.12,0.0,0.0,0.0,0.0,116.0,0.0,180.0,4.0,1.0,0.0,0.0,0.0,0.0,948.0,0.0,24577.0,397.0,86.0,0.0,0.0,0.0,0.0,199.0,50.0,302.0,104.0,235.0,87.0,234.016009453,0.0,1,15,4,0,0,5.4596536371556486,0.0
596eef7c71f933d820d0e485935d0e8f,04769dac8b828ec7a85676d9e2bffe6f,Beauty & Fitness,Hair Care,"Google, Meta",US,All Territories,2023-04-12,USD,39,62,6377.952238316,2162.459912966,41,66,6734.952238316,2280.759912966,92.887440232,0.0,90.77,9.56,0.0,0.0,0.0,0.0,0.0,86.0,0.0,169.0,17.0,0.0,0.0,0.0,0.0,0.0,776.0,0.0,27004.0,1715.0,0.0,0.0,0.0,0.0,0.0,177.0,60.0,309.0,47.0,222.0,115.0,193.217440232,0.0,2,15,4,0,0,5.268978357345032,0.0
596eef7c71f933d820d0e485935d0e8f,04769dac8b828ec7a85676d9e2bffe6f,Beauty & Fitness,Hair Care,"Google, Meta",US,All Territories,2023-04-13,USD,40,65,7377.985807247,2396.865555323,47,79,8410.485807247,2767.285555323,118.77,0.0,136.59,38.78,0.0,0.0,0.0,0.0,0.0,104.0,0.0,217.0,21.0,0.0,0.0,0.0,0.0,0.0,1058.0,0.0,30575.0,1905.0,0.0,0.0,0.0,0.0,0.0,225.0,56.0,427.0,104.0,242.0,112.0,294.14,0.0,3,15,4,0,0,5.687449820035304,0.0
596eef7c71f933d820d0e485935d0e8f,04769dac8b828ec7a85676d9e2bffe6f,Beauty & Fitness,Hair Care,"Google, Meta",US,All Territories,2023-04-14,USD,21,28,3737.469404968,1275.182751085,27,35,4265.969404968,1465.682751085,139.0401565,0.0,107.3,26.55,0.0,0.0,0.0,0.0,0.0,147.0,0.0,189.0,22.0,0.0,0.0,0.0,0.0,0.0,10193.0,0.0,24411.0,2531.0,0.0,0.0,0.0,0.0,0.0,207.0,74.0,362.0,51.0,259.0,134.0,272.8901565,0.0,4,15,4,0,0,5.612727137324587,0.0
596eef7c71f933d820d0e485935d0e8f,04769dac8b828ec7a85676d9e2bffe6f,Beauty & Fitness,Hair Care,"Google, Meta",US,All Territories,2023-04-15,USD,27,31,4730.99,1403.8,31,37,5224.99,1596.6,78.62,0.0,176.91,36.77,0.0,0.0,0.0,0.0,0.0,82.0,0.0,283.0,19.0,0.0,0.0,0.0,0.0,0.0,2728.0,0.0,36810.0,2848.0,0.0,0.0,0.0,0.0,0.0,223.0,41.0,368.0,130.0,259.0,94.0,292.3,0.0,5,15,4,1,0,5.681195975983405,0.0
596eef7c71f933d820d0e485935d0e8f,04769dac8b828ec7a85676d9e2bffe6f,Beauty & Fitness,Hair Care,"Google, Meta",US,All Territories,2023-04-16,USD,39,50,6102.973201267,2012.282006603,49,76,7252.953201267,2412.872006603,81.378773489,0.0,202.94,28.35,0.0,0.0,0.0,0.0,0.0,142.0,0.0,335.0,18.0,0.0,0.0,0.0,0.0,0.0,4838.0,0.0,37458.0,1596.0,0.0,0.0,0.0,0.0,0.0,177.0,67.0,461.0,68.0,331.0,126.0,312.66877348900005,0.0,6,15,4,1,0,5.748337567650292,0.0
596eef7c71f933d820d0e485935d0e8f,04769dac8b828ec7a85676d9e2bffe6f,Beauty & Fitness,Hair Care,"Google, Meta",US,All Territories,2023-04-17,USD,28,33,5125.99,1801.55,37,47,6629.990691959,2466.632855198,62.340479242,0.0,152.16,19.69,0.0,0.0,0.0,0.0,0.0,143.0,0.0,244.0,16.0,0.0,0.0,0.0,0.0,0.0,9680.0,0.0,32930.0,1464.0,0.0,0.0,0.0,0.0,0.0,203.0,60.0,349.0,159.0,319.0,98.0,234.19047924199998,0.0,0,16,4,0,0,5.460395735791893,0.0
596eef7c71f933d820d0e485935d0e8f,04769dac8b828ec7a85676d9e2bffe6f,Beauty & Fitness,Hair Care,"Google, Meta",US,All Territories,2023-04-18,USD,30,34,5576.940743362,1808.176526169,34,38,6222.940743362,2053.626526169,60.898900543,0.0,158.95,0.0,0.0,0.0,0.0,0.0,0.0,109.0,0.0,260.0,0.0,0.0,0.0,0.0,0.0,0.0,7208.0,0.0,27830.0,0.0,0.0,0.0,0.0,0.0,0.0,204.0,61.0,356.0,77.0,314.0,107.0,219.84890054299998,0.0,1,16,4,0,0,5.397478759732657,0.0
596eef7c71f933d820d0e485935d0e8f,04769dac8b828ec7a85676d9e2bffe6f,Beauty & Fitness,Hair Care,"Google, Meta",US,All Territories,2023-04-19,USD,24,32,4055.988326889,1214.101087573,28,37,4674.988326889,1450.101087573,64.131200307,0.0,161.39,0.0,0.0,0.0,0.0,0.0,0.0,108.0,0.0,182.0,0.0,0.0,0.0,0.0,0.0,0.0,9752.0,0.0,28376.0,0.0,0.0,0.0,0.0,0.0,0.0,169.0,51.0,321.0,76.0,275.0,94.0,225.521200307,0.0,2,16,4,0,0,5.422838540132324,0.0
596eef7c71f933d820d0e485935d0e8f,04769dac8b828ec7a85676d9e2bffe6f,Beauty & Fitness,Hair Care,"Google, Meta",US,All Territories,2023-04-20,USD,26,34,5180.953313942,1773.731607507,30,39,5611.943313942,1924.571607507,47.884250667,0.0,147.98,0.0,0.0,0.0,0.0,0.0,0.0,141.0,0.0,260.0,0.0,0.0,0.0,0.0,0.0,0.0,6216.0,0.0,30967.0,0.0,0.0,0.0,0.0,0.0,0.0,221.0,47.0,352.0,38.0,252.0,86.0,195.864250667,0.0,3,16,4,0,0,5.2825144083026085,0.0
596eef7c71f933d820d0e485935d0e8f,04769dac8b828ec7a85676d9e2bffe6f,Beauty & Fitness,Hair Care,"Google, Meta",US,All Territories,2023-04-21,USD,20,24,3130.490754701,842.65088592,21,26,3178.490754701,859.45088592,46.95,0.0,153.87,0.0,0.0,0.0,0.0,0.0,0.0,58.0,0.0,314.0,0.0,0.0,0.0,0.0,0.0,0.0,535.0,0.0,31830.0,0.0,0.0,0.0,0.0,0.0,0.0,174.0,43.0,375.0,18.0,223.0,164.0,200.82,0.0,4,16,4,0,0,5.307376211036383,0.0
596eef7c71f933d820d0e485935d0e8f,04769dac8b828ec7a85676d9e2bffe6f,Beauty & Fitness,Hair Care,"Google, Meta",US,All Territories,2023-04-22,USD,30,38,4643.96510857,1274.914580127,37,49,6015.967079107,1755.94380756,45.803652568,0.0,179.9,0.0,0.0,0.0,0.0,0.0,0.0,41.0,0.0,336.0,0.0,0.0,0.0,0.0,0.0,0.0,367.0,0.0,40066.0,0.0,0.0,0.0,0.0,0.0,0.0,549.0,78.0,443.0,20.0,319.0,152.0,225.703652568,0.0,5,16,4,1,0,5.423643669284879,0.0
596eef7c71f933d820d0e485935d0e8f,04769dac8b828ec7a85676d9e2bffe6f,Beauty & Fitness,Hair Care,"Google, Meta",US,All Territories,2023-04-23,USD,34,43,5724.948297604,1855.987856787,34,43,5724.948297604,1855.987856787,47.493578575,0.0,216.55,0.0,0.0,0.0,0.0,0.0,0.0,90.0,0.0,361.0,0.0,0.0,0.0,0.0,0.0,0.0,20460.0,0.0,38819.0,0.0,0.0,0.0,0.0,0.0,0.0,180.0,43.0,355.0,22.0,338.0,104.0,264.043578575,0.0,6,16,4,1,0,5.579894259919052,0.0
596eef7c71f933d820d0e485935d0e8f,04769dac8b828ec7a85676d9e2bffe6f,Beauty & Fitness,Hair Care,"Google, Meta",US,All Territories,2023-04-24,USD,33,39,5907.981922404,1818.937306766,46,59,7966.968593587,2558.589466529,41.082809357,0.0,163.38,0.0,0.0,0.0,0.0,0.0,0.0,33.0,0.0,247.0,0.0,0.0,0.0,0.0,0.0,0.0,579.0,0.0,30644.0,0.0,0.0,0.0,0.0,0.0,0.0,224.0,53.0,379.0,129.0,280.0,140.0,204.462809357,0.0,0,17,4,0,0,5.325265041193127,0.0
596eef7c71f933d820d0e485935d0e8f,04769dac8b828ec7a85676d9e2bffe6f,Beauty & Fitness,Hair Care,"Google, Meta",US,All Territories,2023-04-25,USD,16,23,2774.970589967,1005.343979514,19,26,3331.970589967,1200.293979514,114.22,0.0,160.27,0.0,0.0,0.0,0.0,0.0,0.0,419.0,0.0,280.0,0.0,0.0,0.0,0.0,0.0,0.0,19154.0,0.0,31588.0,0.0,0.0,0.0,0.0,0.0,0.0,221.0,63.0,365.0,74.0,244.0,141.0,274.49,0.0,1,17,4,0,0,5.61855133029354,0.0
596eef7c71f933d820d0e485935d0e8f,04769dac8b828ec7a85676d9e2bffe6f,Beauty & Fitness,Hair Care,"Google, Meta",US,All Territories,2023-04-26,USD,28,30,4597.970560323,1483.638757047,38,45,6314.962967064,2150.482653908,65.06,0.0,177.837522541,0.0,0.0,0.0,0.0,0.0,0.0,48.0,0.0,170.0,0.0,0.0,0.0,0.0,0.0,0.0,683.0,0.0,24744.0,0.0,0.0,0.0,0.0,0.0,0.0,239.0,82.0,356.0,387.0,228.0,139.0,242.897522541,0.0,2,17,4,0,0,5.496748147486808,0.0
596eef7c71f933d820d0e485935d0e8f,04769dac8b828ec7a85676d9e2bffe6f,Beauty & Fitness,Hair Care,"Google, Meta",US,All Territories,2023-04-27,USD,48,57,9485.993417234,3679.293246798,52,61,10291.994181259,4001.689140626,55.219706419,0.0,123.61,0.0,0.0,0.0,0.0,0.0,0.0,82.0,0.0,148.0,0.0,0.0,0.0,0.0,0.0,0.0,2063.0,0.0,26865.0,0.0,0.0,0.0,0.0,0.0,0.0,260.0,59.0,367.0,195.0,196.0,105.0,178.829706419,0.0,3,17,4,0,0,5.192010327628367,0.0
596eef7c71f933d820d0e485935d0e8f,04769dac8b828ec7a85676d9e2bffe6f,Beauty & Fitness,Hair Care,"Google, Meta",US,All Territories,2023-04-28,USD,31,38,5845.000170697,1998.298569315,39,56,7086.000096548,2579.802747965,60.112903187,0.0,144.1,0.0,0.0,0.0,0.0,0.0,0.0,67.0,0.0,192.0,0.0,0.0,0.0,0.0,0.0,0.0,1542.0,0.0,29906.0,0.0,0.0,0.0,0.0,0.0,0.0,191.0,58.0,407.0,59.0,240.0,102.0,204.212903187,0.0,4,17,4,0,0,5.324047992347951,0.0
596eef7c71f933d820d0e485935d0e8f,04769dac8b828ec7a85676d9e2bffe6f,Beauty & Fitness,Hair Care,"Google, Meta",US,All Territories,2023-04-29,USD,38,43,6538.486423287,2178.088569315,42,48,7074.476423287,2386.478569315,75.17,0.0,165.01,0.0,0.0,0.0,0.0,0.0,0.0,32.0,0.0,248.0,0.0,0.0,0.0,0.0,0.0,0.0,681.0,0.0,36459.0,0.0,0.0,0.0,0.0,0.0,0.0,180.0,64.0,439.0,59.0,225.0,109.0,240.18,0.0,5,17,4,1,0,5.485543542675447,0.0
596eef7c71f933d820d0e485935d0e8f,04769dac8b828ec7a85676d9e2bffe6f,Beauty & Fitness,Hair Care,"Google, Meta",US,All Territories,2023-04-30,USD,41,48,7525.988211354,2724.800749366,47,55,8496.991958764,3113.199318681,154.024259257,0.0,177.2,0.0,0.0,0.0,0.0,0.0,0.0,60.0,0.0,244.0,0.0,0.0,0.0,0.0,0.0,0.0,1452.0,0.0,35844.0,0.0,0.0,0.0,0.0,0.0,0.0,198.0,73.0,421.0,205.0,281.0,112.0,331.22425925699997,0.0,6,17,4,1,0,5.805810220572524,0.0
596eef7c71f933d820d0e485935d0e8f,04769dac8b828ec7a85676d9e2bffe6f,Beauty & Fitness,Hair Care,"Google, Meta",US,All Territories,2023-05-01,USD,37,42,6572.993262692,2317.49835371,47,53,8244.963262692,2982.29835371,183.148675485,0.0,139.61,0.0,0.0,0.0,0.0,0.0,0.0,376.0,0.0,201.0,0.0,0.0,0.0,0.0,0.0,0.0,14503.0,0.0,29737.0,0.0,0.0,0.0,0.0,0.0,0.0,209.0,41.0,338.0,96.0,245.0,96.0,322.758675485,0.0,0,18,5,0,0,5.779998409519583,0.0
596eef7c71f933d820d0e485935d0e8f,04769dac8b828ec7a85676d9e2bffe6f,Beauty & Fitness,Hair Care,"Google, Meta",US,All Territories,2023-05-02,USD,44,52,7667.487544855,2898.4376124,47,59,8059.987544855,3047.6376124,175.146376774,0.0,250.664287947,0.0,0.0,0.0,0.0,0.0,0.0,215.0,0.0,252.0,0.0,0.0,0.0,0.0,0.0,0.0,4560.0,0.0,40275.0,0.0,0.0,0.0,0.0,0.0,0.0,283.0,39.0,427.0,297.0,224.0,93.0,425.81066472099997,0.0,1,18,5,0,0,6.056340506746621,0.0
596eef7c71f933d820d0e485935d0e8f,04769dac8b828ec7a85676d9e2bffe6f,Beauty & Fitness,Hair Care,"Google, Meta",US,All Territories,2023-05-03,USD,33,106,7188.93822047,2703.383349573,40,117,8031.931644811,3030.583252232,120.749181597,0.0,212.5,0.0,0.0,0.0,0.0,0.0,0.0,229.0,0.0,255.0,0.0,0.0,0.0,0.0,0.0,0.0,40214.0,0.0,37939.0,0.0,0.0,0.0,0.0,0.0,0.0,264.0,39.0,394.0,114.0,232.0,84.0,333.249181597,0.0,2,18,5,0,0,5.811886767503363,0.0
596eef7c71f933d820d0e485935d0e8f,04769dac8b828ec7a85676d9e2bffe6f,Beauty & Fitness,Hair Care,"Google, Meta",US,All Territories,2023-05-04,USD,40,50,7162.489222406,2688.636494095,45,60,8097.49301502,3182.052478791,73.116606835,0.0,175.37,0.0,0.0,0.0,0.0,0.0,0.0,55.0,0.0,218.0,0.0,0.0,0.0,0.0,0.0,0.0,753.0,0.0,39263.0,0.0,0.0,0.0,0.0,0.0,0.0,230.0,42.0,388.0,69.0,231.0,86.0,248.486606835,0.0,3,18,5,0,0,5.519405233730709,0.0
596eef7c71f933d820d0e485935d0e8f,04769dac8b828ec7a85676d9e2bffe6f,Beauty & Fitness,Hair Care,"Google, Meta",US,All Territories,2023-05-05,USD,53,59,10445.980677991,4021.890271196,59,65,11669.98248103,4431.890257282,182.250235298,0.0,216.132018987,0.0,0.0,0.0,0.0,0.0,0.0,97.0,0.0,266.0,0.0,0.0,0.0,0.0,0.0,0.0,1228.0,0.0,42659.0,0.0,0.0,0.0,0.0,0.0,0.0,211.0,39.0,384.0,51.0,297.0,73.0,398.38225428500004,0.0,4,18,5,0,0,5.9899189890607305,0.0
596eef7c71f933d820d0e485935d0e8f,04769dac8b828ec7a85676d9e2bffe6f,Beauty & Fitness,Hair Care,"Google, Meta",US,All Territories,2023-05-06,USD,37,49,7297.959434517,2728.966805458,43,56,8495.959434517,3208.166805458,148.377203058,0.0,282.06,0.0,0.0,0.0,0.0,0.0,0.0,80.0,0.0,328.0,0.0,0.0,0.0,0.0,0.0,0.0,1594.0,0.0,51051.0,0.0,0.0,0.0,0.0,0.0,0.0,190.0,33.0,458.0,210.0,248.0,67.0,430.437203058,0.0,5,18,5,1,0,6.067121968201542,0.0
596eef7c71f933d820d0e485935d0e8f,04769dac8b828ec7a85676d9e2bffe6f,Beauty & Fitness,Hair Care,"Google, Meta",US,All Territories,2023-05-07,USD,54,74,9712.961803038,3277.543689564,61,82,10814.961803038,3718.343689564,118.777198484,0.0,327.153669831,0.0,0.0,0.0,0.0,0.0,0.0,64.0,0.0,332.0,0.0,0.0,0.0,0.0,0.0,0.0,1108.0,0.0,59188.0,0.0,0.0,0.0,0.0,0.0,0.0,193.0,36.0,405.0,95.0,302.0,76.0,445.930868315,0.0,6,18,5,1,0,6.102403925639517,0.0
596eef7c71f933d820d0e485935d0e8f,04769dac8b828ec7a85676d9e2bffe6f,Beauty & Fitness,Hair Care,"Google, Meta",US,All Territories,2023-05-08,USD,57,65,10517.987838805,3956.290631084,67,83,12469.967838805,4709.730631084,157.471395303,0.0,389.679718278,0.0,0.0,0.0,0.0,0.0,0.0,116.0,0.0,359.0,0.0,0.0,0.0,0.0,0.0,0.0,2790.0,0.0,57296.0,0.0,0.0,0.0,0.0,0.0,0.0,229.0,40.0,366.0,194.0,280.0,86.0,547.151113581,0.0,0,19,5,0,0,6.306551003644528,0.0
596eef7c71f933d820d0e485935d0e8f,04769dac8b828ec7a85676d9e2bffe6f,Beauty & Fitness,Hair Care,"Google, Meta",US,All Territories,2023-05-09,USD,41,58,8315.966321758,2669.780248994,45,73,9011.466321758,2985.780248994,136.08895876,0.0,487.03,0.0,0.0,0.0,0.0,0.0,0.0,210.0,0.0,375.0,0.0,0.0,0.0,0.0,0.0,0.0,7349.0,0.0,74130.0,0.0,0.0,0.0,0.0,0.0,0.0,251.0,33.0,368.0,80.0,281.0,71.0,623.1189587599999,0.0,1,19,5,0,0,6.436340989238577,0.0
596eef7c71f933d820d0e485935d0e8f,04769dac8b828ec7a85676d9e2bffe6f,Beauty & Fitness,Hair Care,"Google, Meta",US,All Territories,2023-05-10,USD,54,64,9620.954359074,3481.045594507,60,74,10289.954407684,3746.857109519,134.766945904,0.0,324.83,0.0,0.0,0.0,0.0,0.0,0.0,191.0,0.0,289.0,0.0,0.0,0.0,0.0,0.0,0.0,3387.0,0.0,62350.0,0.0,0.0,0.0,0.0,0.0,0.0,232.0,41.0,380.0,154.0,259.0,81.0,459.596945904,0.0,2,19,5,0,0,6.132523356674198,0.0
596eef7c71f933d820d0e485935d0e8f,04769dac8b828ec7a85676d9e2bffe6f,Beauty & Fitness,Hair Care,"Google, Meta",US,All Territories,2023-05-11,USD,40,42,7060.988492409,2555.303545821,46,50,8292.978492409,3048.093545821,104.662856673,0.0,428.47,0.0,0.0,0.0,0.0,0.0,0.0,200.0,0.0,414.0,0.0,0.0,0.0,0.0,0.0,0.0,5712.0,0.0,66138.0,0.0,0.0,0.0,0.0,0.0,0.0,236.0,42.0,463.0,130.0,258.0,78.0,533.132856673,0.0,3,19,5,0,0,6.280644603283575,0.0
596eef7c71f933d820d0e485935d0e8f,04769dac8b828ec7a85676d9e2bffe6f,Beauty & Fitness,Hair Care,"Google, Meta",US,All Territories,2023-05-12,USD,54,69,10163.447715777,3598.692240305,62,81,11267.447715777,4007.742240305,162.71,0.0,575.583935322,0.0,0.0,0.0,0.0,0.0,0.0,190.0,0.0,482.0,0.0,0.0,0.0,0.0,0.0,0.0,1996.0,0.0,81405.0,0.0,0.0,0.0,0.0,0.0,0.0,232.0,47.0,491.0,238.0,241.0,78.0,738.293935322,0.0,4,19,5,0,0,6.605695589258746,0.0
596eef7c71f933d820d0e485935d0e8f,04769dac8b828ec7a85676d9e2bffe6f,Beauty & Fitness,Hair Care,"Google, Meta",US,All Territories,2023-05-13,USD,49,65,8948.959736092,3210.231871088,65,83,11260.955317731,4135.027174737,157.667018354,0.0,475.141055063,0.0,0.0,0.0,0.0,0.0,0.0,226.0,0.0,512.0,0.0,0.0,0.0,0.0,0.0,0.0,4634.0,0.0,81117.0,0.0,0.0,0.0,0.0,0.0,0.0,160.0,46.0,486.0,112.0,271.0,75.0,632.8080734170001,0.0,5,19,5,1,0,6.451746185290238,0.0
596eef7c71f933d820d0e485935d0e8f,04769dac8b828ec7a85676d9e2bffe6f,Beauty & Fitness,Hair Care,"Google, Meta",US,All Territories,2023-05-14,USD,71,88,12530.983494702,4774.489069688,90,117,15766.976204276,6068.881618021,157.307160251,0.0,505.867991944,0.0,0.0,0.0,0.0,0.0,0.0,300.0,0.0,494.0,0.0,0.0,0.0,0.0,0.0,0.0,5754.0,0.0,74629.0,0.0,0.0,0.0,0.0,0.0,0.0,177.0,53.0,462.0,233.0,234.0,80.0,663.175152195,0.0,6,19,5,1,0,6.498545898117908,0.0
596eef7c71f933d820d0e485935d0e8f,04769dac8b828ec7a85676d9e2bffe6f,Beauty & Fitness,Hair Care,"Google, Meta",US,All Territories,2023-05-15,USD,40,49,7279.992054847,2586.247444267,45,60,8030.992054847,2847.047444267,126.733102663,0.0,347.52896483,0.0,0.0,0.0,0.0,0.0,0.0,359.0,0.0,354.0,0.0,0.0,0.0,0.0,0.0,0.0,11636.0,0.0,64028.0,0.0,0.0,0.0,0.0,0.0,0.0,193.0,56.0,379.0,122.0,258.0,82.0,474.262067493,0.0,0,20,5,0,0,6.163866372930442,0.0
596eef7c71f933d820d0e485935d0e8f,04769dac8b828ec7a85676d9e2bffe6f,Beauty & Fitness,Hair Care,"Google, Meta",US,All Territories,2023-05-16,USD,43,51,7779.003644332,2623.948489855,48,59,8716.999868969,2999.14697971,125.776303626,0.0,497.080094954,0.0,0.0,0.0,0.0,0.0,0.0,273.0,0.0,434.0,0.0,0.0,0.0,0.0,0.0,0.0,17445.0,0.0,75882.0,0.0,0.0,0.0,0.0,0.0,0.0,236.0,62.0,380.0,150.0,264.0,96.0,622.85639858,0.0,1,20,5,0,0,6.435920211404576,0.0
596eef7c71f933d820d0e485935d0e8f,04769dac8b828ec7a85676d9e2bffe6f,Beauty & Fitness,Hair Care,"Google, Meta",US,All Territories,2023-05-17,USD,45,61,8767.946937099,2882.090513021,54,75,10468.930700212,3441.3272014,117.14328199,0.0,543.18,0.0,0.0,0.0,0.0,0.0,0.0,224.0,0.0,443.0,0.0,0.0,0.0,0.0,0.0,0.0,9474.0,0.0,78438.0,0.0,0.0,0.0,0.0,0.0,0.0,218.0,66.0,367.0,66.0,256.0,107.0,660.3232819899999,0.0,2,20,5,0,0,6.494242800457378,0.0
596eef7c71f933d820d0e485935d0e8f,04769dac8b828ec7a85676d9e2bffe6f,Beauty & Fitness,Hair Care,"Google, Meta",US,All Territories,2023-05-18,USD,28,31,3988.476329819,1210.45,33,36,4963.476329819,1600.45,126.200880152,0.0,450.97393624,0.0,0.0,0.0,0.0,0.0,0.0,273.0,0.0,458.0,0.0,0.0,0.0,0.0,0.0,0.0,10165.0,0.0,79057.0,0.0,0.0,0.0,0.0,0.0,0.0,192.0,39.0,399.0,44.0,243.0,71.0,577.174816392,0.0,3,20,5,0,0,6.359876273448634,0.0
596eef7c71f933d820d0e485935d0e8f,04769dac8b828ec7a85676d9e2bffe6f,Beauty & Fitness,Hair Care,"Google, Meta",US,All Territories,2023-05-19,USD,38,41,7303.999521683,2342.302726462,39,42,7502.999521683,2421.902726462,143.116100928,0.0,502.994525783,0.0,0.0,0.0,0.0,0.0,0.0,225.0,0.0,454.0,0.0,0.0,0.0,0.0,0.0,0.0,8943.0,0.0,70324.0,0.0,0.0,0.0,0.0,0.0,0.0,202.0,58.0,377.0,29.0,253.0,104.0,646.110626711,0.0,4,20,5,0,0,6.472517263982159,0.0
596eef7c71f933d820d0e485935d0e8f,04769dac8b828ec7a85676d9e2bffe6f,Beauty & Fitness,Hair Care,"Google, Meta",US,All Territories,2023-05-20,USD,21,26,3710.976718336,1338.590169309,23,28,4134.976718336,1508.190169309,139.74030499,0.0,438.303150289,0.0,0.0,0.0,0.0,0.0,0.0,236.0,0.0,473.0,0.0,0.0,0.0,0.0,0.0,0.0,7331.0,0.0,79696.0,0.0,0.0,0.0,0.0,0.0,0.0,162.0,60.0,420.0,23.0,265.0,95.0,578.043455279,0.0,5,20,5,1,0,6.361377527052049,0.0
596eef7c71f933d820d0e485935d0e8f,04769dac8b828ec7a85676d9e2bffe6f,Beauty & Fitness,Hair Care,"Google, Meta",US,All Territories,2023-05-21,USD,35,40,6265.973995831,2018.338301009,40,56,7144.463995831,2350.028301009,131.852257001,0.0,508.480759812,0.0,0.0,0.0,0.0,0.0,0.0,187.0,0.0,482.0,0.0,0.0,0.0,0.0,0.0,0.0,3928.0,0.0,82812.0,0.0,0.0,0.0,0.0,0.0,0.0,170.0,62.0,459.0,148.0,252.0,117.0,640.333016813,0.0,6,20,5,1,0,6.463548849022597,0.0
596eef7c71f933d820d0e485935d0e8f,04769dac8b828ec7a85676d9e2bffe6f,Beauty & Fitness,Hair Care,"Google, Meta",US,All Territories,2023-05-22,USD,34,45,5190.991741594,1578.892177746,39,50,5903.988301494,1857.099320597,117.0152655,0.0,383.78423186,0.0,0.0,0.0,0.0,0.0,0.0,212.0,0.0,379.0,0.0,0.0,0.0,0.0,0.0,0.0,6794.0,0.0,59946.0,0.0,0.0,0.0,0.0,0.0,0.0,191.0,74.0,355.0,145.0,241.0,129.0,500.79949736,0.0,0,21,5,0,0,6.2182006322578465,0.0
596eef7c71f933d820d0e485935d0e8f,04769dac8b828ec7a85676d9e2bffe6f,Beauty & Fitness,Hair Care,"Google, Meta",US,All Territories,2023-05-23,USD,19,29,3965.978794708,1267.326555107,24,40,4656.977756217,1574.838254506,140.565093163,0.0,325.492952719,0.0,0.0,0.0,0.0,0.0,0.0,218.0,0.0,354.0,0.0,0.0,0.0,0.0,0.0,0.0,7606.0,0.0,57168.0,0.0,0.0,0.0,0.0,0.0,0.0,189.0,67.0,369.0,74.0,255.0,127.0,466.058045882,0.0,1,21,5,0,0,6.146453545195418,0.0
596eef7c71f933d820d0e485935d0e8f,04769dac8b828ec7a85676d9e2bffe6f,Beauty & Fitness,Hair Care,"Google, Meta",US,All Territories,2023-05-24,USD,28,39,4927.319666945,1764.620091415,30,45,5099.309666945,1833.410091415,116.257299807,0.0,298.270620296,0.0,0.0,0.0,0.0,0.0,0.0,221.0,0.0,366.0,0.0,0.0,0.0,0.0,0.0,0.0,6132.0,0.0,52272.0,0.0,0.0,0.0,0.0,0.0,0.0,178.0,68.0,366.0,35.0,228.0,130.0,414.527920103,0.0,2,21,5,0,0,6.029549808435038,0.0
596eef7c71f933d820d0e485935d0e8f,04769dac8b828ec7a85676d9e2bffe6f,Beauty & Fitness,Hair Care,"Google, Meta",US,All Territories,2023-05-25,USD,58,81,10689.900835141,3939.981407208,64,95,11769.870835141,4335.981407208,70.61471186,0.0,268.55,0.0,0.0,0.0,0.0,0.0,0.0,40.0,0.0,300.0,0.0,0.0,0.0,0.0,0.0,0.0,1085.0,0.0,49480.0,0.0,0.0,0.0,0.0,0.0,0.0,246.0,81.0,439.0,395.0,223.0,128.0,339.16471186,0.0,3,21,5,0,0,5.8294299469508735,0.0
596eef7c71f933d820d0e485935d0e8f,04769dac8b828ec7a85676d9e2bffe6f,Beauty & Fitness,Hair Care,"Google, Meta",US,All Territories,2023-05-26,USD,52,66,10611.767860806,3940.579653546,58,76,11448.427860806,4248.039653546,110.02,0.0,384.01,0.0,0.0,0.0,0.0,0.0,0.0,66.0,0.0,399.0,0.0,0.0,0.0,0.0,0.0,0.0,893.0,0.0,55707.0,0.0,0.0,0.0,0.0,0.0,0.0,192.0,95.0,360.0,153.0,180.0,156.0,494.03,0.0,4,21,5,0,0,6.204618366792824,0.0
596eef7c71f933d820d0e485935d0e8f,04769dac8b828ec7a85676d9e2bffe6f,Beauty & Fitness,Hair Care,"Google, Meta",US,All Territories,2023-05-27,USD,48,59,9419.970210904,3515.579509222,54,67,10518.120210904,3953.869509222,42.050134403,0.0,496.24,0.0,0.0,0.0,0.0,0.0,0.0,18.0,0.0,511.0,0.0,0.0,0.0,0.0,0.0,0.0,691.0,0.0,70071.0,0.0,0.0,0.0,0.0,0.0,0.0,165.0,80.0,452.0,78.0,201.0,127.0,538.290134403,0.0,5,21,5,1,0,6.290253708838196,0.0
596eef7c71f933d820d0e485935d0e8f,04769dac8b828ec7a85676d9e2bffe6f,Beauty & Fitness,Hair Care,"Google, Meta",US,All Territories,2023-05-28,USD,66,74,12207.611735171,4569.712830758,74,84,14089.432872796,5335.523285808,38.513864759,0.0,648.21,0.0,0.0,0.0,0.0,0.0,0.0,19.0,0.0,482.0,0.0,0.0,0.0,0.0,0.0,0.0,392.0,0.0,81648.0,0.0,0.0,0.0,0.0,0.0,0.0,233.0,63.0,376.0,58.0,180.0,98.0,686.723864759,0.0,6,21,5,1,0,6.533387398005198,0.0
596eef7c71f933d820d0e485935d0e8f,04769dac8b828ec7a85676d9e2bffe6f,Beauty & Fitness,Hair Care,"Google, Meta",US,All Territories,2023-05-29,USD,72,94,14244.750681753,5376.462412086,85,119,16594.705534569,6304.021823423,67.304224161,0.0,539.42,0.0,0.0,0.0,0.0,0.0,0.0,24.0,0.0,453.0,0.0,0.0,0.0,0.0,0.0,0.0,325.0,0.0,81361.0,0.0,0.0,0.0,0.0,0.0,0.0,258.0,66.0,450.0,460.0,214.0,102.0,606.7242241609999,0.0,0,22,5,0,0,6.4097212003856745,0.0
596eef7c71f933d820d0e485935d0e8f,04769dac8b828ec7a85676d9e2bffe6f,Beauty & Fitness,Hair Care,"Google, Meta",US,All Territories,2023-05-30,USD,32,38,6072.99297084,2371.487575236,38,51,7440.80297084,2920.907575236,20.610841453,0.0,519.96,0.0,0.0,0.0,0.0,0.0,0.0,11.0,0.0,418.0,0.0,0.0,0.0,0.0,0.0,0.0,364.0,0.0,68561.0,0.0,0.0,0.0,0.0,0.0,0.0,218.0,81.0,444.0,201.0,195.0,122.0,540.5708414530001,0.0,1,22,5,0,0,6.2944738823588775,0.0
596eef7c71f933d820d0e485935d0e8f,04769dac8b828ec7a85676d9e2bffe6f,Beauty & Fitness,Hair Care,"Google, Meta",US,All Territories,2023-05-31,USD,55,68,9476.454485352,3680.372852231,68,90,11569.274485352,4493.902852231,45.225806544,0.0,530.560737577,0.0,0.0,0.0,0.0,0.0,0.0,22.0,0.0,458.0,0.0,0.0,0.0,0.0,0.0,0.0,624.0,0.0,72276.0,0.0,0.0,0.0,0.0,0.0,0.0,249.0,78.0,444.0,263.0,243.0,122.0,575.786544121,0.0,2,22,5,0,0,6.357472257198279,0.0
596eef7c71f933d820d0e485935d0e8f,04769dac8b828ec7a85676d9e2bffe6f,Beauty & Fitness,Hair Care,"Google, Meta",US,All Territories,2023-06-01,USD,44,55,8593.953373056,3222.059861736,49,62,9356.773373056,3526.179861736,37.628221434,0.0,559.611914286,0.0,0.0,0.0,0.0,0.0,0.0,26.0,0.0,501.0,0.0,0.0,0.0,0.0,0.0,0.0,606.0,0.0,71635.0,0.0,0.0,0.0,0.0,0.0,0.0,226.0,87.0,416.0,112.0,250.0,151.0,597.24013572,0.0,3,22,6,0,0,6.39399223809425,0.0
596eef7c71f933d820d0e485935d0e8f,04769dac8b828ec7a85676d9e2bffe6f,Beauty & Fitness,Hair Care,"Google, Meta",US,All Territories,2023-06-02,USD,41,48,7453.77159805,2805.192399722,44,51,7920.77159805,3036.402399722,45.013954743,0.0,619.739321,0.0,0.0,0.0,0.0,0.0,0.0,16.0,0.0,488.0,0.0,0.0,0.0,0.0,0.0,0.0,467.0,0.0,69868.0,0.0,0.0,0.0,0.0,0.0,0.0,221.0,83.0,365.0,84.0,240.0,134.0,664.753275743,0.0,4,22,6,0,0,6.5009191450619594,0.0
596eef7c71f933d820d0e485935d0e8f,04769dac8b828ec7a85676d9e2bffe6f,Beauty & Fitness,Hair Care,"Google, Meta",US,All Territories,2023-06-03,USD,52,68,10280.772719904,3979.941087962,61,81,12508.592719904,4950.471087962,36.35,0.0,548.68,0.0,0.0,0.0,0.0,0.0,0.0,11.0,0.0,519.0,0.0,0.0,0.0,0.0,0.0,0.0,301.0,0.0,66013.0,0.0,0.0,0.0,0.0,0.0,0.0,199.0,75.0,412.0,44.0,220.0,127.0,585.03,0.0,5,22,6,1,0,6.3733709828058664,0.0
596eef7c71f933d820d0e485935d0e8f,04769dac8b828ec7a85676d9e2bffe6f,Beauty & Fitness,Hair Care,"Google, Meta",US,All Territories,2023-06-04,USD,51,61,9172.2828852,3444.383578852,57,73,10875.4428852,4149.843578852,17.751857992,0.0,570.302528421,0.0,0.0,0.0,0.0,0.0,0.0,12.0,0.0,531.0,0.0,0.0,0.0,0.0,0.0,0.0,325.0,0.0,68905.0,0.0,0.0,0.0,0.0,0.0,0.0,191.0,73.0,389.0,102.0,270.0,128.0,588.0543864130001,0.0,6,22,6,1,0,6.378518516252978,0.0
596eef7c71f933d820d0e485935d0e8f,04769dac8b828ec7a85676d9e2bffe6f,Beauty & Fitness,Hair Care,"Google, Meta",US,All Territories,2023-06-05,USD,41,46,7469.638272577,2829.052283285,54,69,9694.258272577,3761.682283285,22.333359647,0.0,524.01690777,0.0,0.0,0.0,0.0,0.0,0.0,14.0,0.0,473.0,0.0,0.0,0.0,0.0,0.0,0.0,260.0,0.0,62118.0,0.0,0.0,0.0,0.0,0.0,0.0,297.0,88.0,343.0,69.0,275.0,155.0,546.3502674169999,0.0,0,23,6,0,0,6.3050889401171775,0.0
596eef7c71f933d820d0e485935d0e8f,04769dac8b828ec7a85676d9e2bffe6f,Beauty & Fitness,Hair Care,"Google, Meta",US,All Territories,2023-06-06,USD,42,49,7898.807017787,2847.061975547,45,52,8545.807017787,3105.861975547,43.938322142,0.0,498.628234052,0.0,0.0,0.0,0.0,0.0,0.0,19.0,0.0,523.0,0.0,0.0,0.0,0.0,0.0,0.0,279.0,0.0,66282.0,0.0,0.0,0.0,0.0,0.0,0.0,238.0,89.0,365.0,39.0,268.0,190.0,542.566556194,0.0,1,23,6,0,0,6.298152157562455,0.0
596eef7c71f933d820d0e485935d0e8f,04769dac8b828ec7a85676d9e2bffe6f,Beauty & Fitness,Hair Care,"Google, Meta",US,All Territories,2023-06-07,USD,40,51,7343.959160391,2718.684796875,48,65,8579.939160391,3177.074796875,30.379043027,0.0,691.719281243,0.0,0.0,0.0,0.0,0.0,0.0,14.0,0.0,670.0,0.0,0.0,0.0,0.0,0.0,0.0,367.0,0.0,71858.0,0.0,0.0,0.0,0.0,0.0,0.0,241.0,100.0,381.0,35.0,295.0,179.0,722.0983242699999,0.0,2,23,6,0,0,6.583545207753245,0.0
596eef7c71f933d820d0e485935d0e8f,04769dac8b828ec7a85676d9e2bffe6f,Beauty & Fitness,Hair Care,"Google, Meta",US,All Territories,2023-06-08,USD,52,58,9455.812610465,3503.487289397,58,65,9922.792610465,3672.267289397,17.853911763,0.0,359.63289189,0.0,0.0,0.0,0.0,0.0,0.0,15.0,0.0,454.0,0.0,0.0,0.0,0.0,0.0,0.0,451.0,0.0,58629.0,0.0,0.0,0.0,0.0,0.0,0.0,352.0,103.0,420.0,72.0,280.0,168.0,377.486803653,0.0,3,23,6,0,0,5.936181207416341,0.0
596eef7c71f933d820d0e485935d0e8f,04769dac8b828ec7a85676d9e2bffe6f,Beauty & Fitness,Hair Care,"Google, Meta",US,All Territories,2023-06-09,USD,50,55,8657.463664094,3290.112031681,53,58,9194.465681334,3504.912838577,40.99120455,0.0,312.715926884,0.0,0.0,0.0,0.0,0.0,0.0,26.0,0.0,390.0,0.0,0.0,0.0,0.0,0.0,0.0,340.0,0.0,53546.0,0.0,0.0,0.0,0.0,0.0,0.0,274.0,119.0,484.0,55.0,327.0,174.0,353.707131434,0.0,4,23,6,0,0,5.871292467114536,0.0
596eef7c71f933d820d0e485935d0e8f,04769dac8b828ec7a85676d9e2bffe6f,Beauty & Fitness,Hair Care,"Google, Meta",US,All Territories,2023-06-10,USD,59,71,11380.949224881,4394.869689952,67,82,12461.949224881,4812.569689952,67.75,0.0,443.925251012,0.0,0.0,0.0,0.0,0.0,0.0,30.0,0.0,490.0,0.0,0.0,0.0,0.0,0.0,0.0,346.0,0.0,62927.0,0.0,0.0,0.0,0.0,0.0,0.0,249.0,109.0,433.0,29.0,355.0,138.0,511.675251012,0.0,5,23,6,1,0,6.2396426057540415,0.0
596eef7c71f933d820d0e485935d0e8f,04769dac8b828ec7a85676d9e2bffe6f,Beauty & Fitness,Hair Care,"Google, Meta",US,All Territories,2023-06-11,USD,57,71,10500.808647887,3810.847879904,65,81,11492.948647887,4198.697879904,24.14761903,0.0,505.069835163,0.0,0.0,0.0,0.0,0.0,0.0,15.0,0.0,546.0,0.0,0.0,0.0,0.0,0.0,0.0,452.0,0.0,63678.0,0.0,0.0,0.0,0.0,0.0,0.0,231.0,93.0,384.0,90.0,367.0,121.0,529.217454193,0.0,6,23,6,1,0,6.273287213330048,0.0
596eef7c71f933d820d0e485935d0e8f,04769dac8b828ec7a85676d9e2bffe6f,Beauty & Fitness,Hair Care,"Google, Meta",US,All Territories,2023-06-12,USD,42,51,8470.943094568,3393.003712804,50,60,9698.923039065,3931.407009126,23.4,0.0,451.300102761,0.0,0.0,0.0,0.0,0.0,0.0,7.0,0.0,553.0,0.0,0.0,0.0,0.0,0.0,0.0,377.0,0.0,60805.0,0.0,0.0,0.0,0.0,0.0,0.0,218.0,90.0,385.0,59.0,340.0,165.0,474.700102761,0.0,0,24,6,0,0,6.164787619458814,0.0
596eef7c71f933d820d0e485935d0e8f,04769dac8b828ec7a85676d9e2bffe6f,Beauty & Fitness,Hair Care,"Google, Meta",US,All Territories,2023-06-13,USD,58,75,10445.910201877,3973.733690608,62,79,10902.070201877,4156.193690608,20.973996598,0.0,839.165557013,0.0,0.0,0.0,0.0,0.0,0.0,10.0,0.0,705.0,0.0,0.0,0.0,0.0,0.0,0.0,360.0,0.0,88013.0,0.0,0.0,0.0,0.0,0.0,0.0,224.0,79.0,378.0,26.0,347.0,138.0,860.139553611,0.0,1,24,6,0,0,6.758256574465566,0.0
596eef7c71f933d820d0e485935d0e8f,04769dac8b828ec7a85676d9e2bffe6f,Beauty & Fitness,Hair Care,"Google, Meta",US,All Territories,2023-06-14,USD,34,40,5965.468038563,2302.36841745,39,50,7073.787632224,2726.10125615,38.937848755,0.0,430.885743071,0.0,0.0,0.0,0.0,0.0,0.0,14.0,0.0,561.0,0.0,0.0,0.0,0.0,0.0,0.0,449.0,0.0,61272.0,0.0,0.0,0.0,0.0,0.0,0.0,235.0,64.0,391.0,35.0,334.0,150.0,469.823591826,0.0,2,24,6,0,0,6.154483484211367,0.0
596eef7c71f933d820d0e485935d0e8f,04769dac8b828ec7a85676d9e2bffe6f,Beauty & Fitness,Hair Care,"Google, Meta",US,All Territories,2023-06-15,USD,45,53,8582.773199855,3306.890570443,60,72,11146.913199855,4480.560570443,50.0107291,0.0,405.304092709,0.0,0.0,0.0,0.0,0.0,0.0,18.0,0.0,452.0,0.0,0.0,0.0,0.0,0.0,0.0,662.0,0.0,47216.0,0.0,0.0,0.0,0.0,0.0,0.0,233.0,100.0,400.0,237.0,331.0,201.0,455.31482180899997,0.0,3,24,6,0,0,6.123182970002785,0.0
596eef7c71f933d820d0e485935d0e8f,04769dac8b828ec7a85676d9e2bffe6f,Beauty & Fitness,Hair Care,"Google, Meta",US,All Territories,2023-06-16,USD,46,56,9099.472309345,3485.959411508,51,64,10344.962309345,3984.149411508,73.593560383,0.0,329.075895649,0.0,0.0,0.0,0.0,0.0,0.0,35.0,0.0,466.0,0.0,0.0,0.0,0.0,0.0,0.0,705.0,0.0,52697.0,0.0,0.0,0.0,0.0,0.0,0.0,263.0,82.0,462.0,148.0,344.0,176.0,402.669456032,0.0,4,24,6,0,0,6.0005963649321234,0.0
596eef7c71f933d820d0e485935d0e8f,04769dac8b828ec7a85676d9e2bffe6f,Beauty & Fitness,Hair Care,"Google, Meta",US,All Territories,2023-06-17,USD,43,54,7565.090879505,2728.570811461,45,56,7778.090879505,2813.770811461,24.767925591,0.0,335.54,0.0,0.0,0.0,0.0,0.0,0.0,16.0,0.0,476.0,0.0,0.0,0.0,0.0,0.0,0.0,729.0,0.0,52317.0,0.0,0.0,0.0,0.0,0.0,0.0,190.0,92.0,496.0,67.0,299.0,188.0,360.307925591,0.0,5,24,6,1,0,5.889730574229078,0.0
596eef7c71f933d820d0e485935d0e8f,04769dac8b828ec7a85676d9e2bffe6f,Beauty & Fitness,Hair Care,"Google, Meta",US,All Territories,2023-06-18,USD,45,56,8422.108572602,3112.509429041,51,67,10024.438572602,3753.439429041,54.7,0.0,340.94,0.0,0.0,0.0,0.0,0.0,0.0,16.0,0.0,418.0,0.0,0.0,0.0,0.0,0.0,0.0,295.0,0.0,48500.0,0.0,0.0,0.0,0.0,0.0,0.0,168.0,86.0,344.0,26.0,309.0,193.0,395.64,0.0,6,24,6,1,0,5.98302906828688,0.0
596eef7c71f933d820d0e485935d0e8f,04769dac8b828ec7a85676d9e2bffe6f,Beauty & Fitness,Hair Care,"Google, Meta",US,All Territories,2023-06-19,USD,35,41,6460.97158075,2432.532146276,40,47,7177.97158075,2719.332146276,42.01082696,0.0,325.54,0.0,0.0,0.0,0.0,0.0,0.0,22.0,0.0,389.0,0.0,0.0,0.0,0.0,0.0,0.0,544.0,0.0,51369.0,0.0,0.0,0.0,0.0,0.0,0.0,236.0,81.0,377.0,100.0,362.0,203.0,367.55082696,0.0,0,25,6,0,0,5.909578631453158,0.0
596eef7c71f933d820d0e485935d0e8f,04769dac8b828ec7a85676d9e2bffe6f,Beauty & Fitness,Hair Care,"Google, Meta",US,All Territories,2023-06-20,USD,41,46,7600.871000176,2735.314519532,47,57,8505.850669985,3142.704387455,27.728174677,0.0,315.69,0.0,0.0,0.0,0.0,0.0,0.0,16.0,0.0,344.0,0.0,0.0,0.0,0.0,0.0,0.0,571.0,0.0,45584.0,0.0,0.0,0.0,0.0,0.0,0.0,340.0,90.0,436.0,108.0,347.0,172.0,343.418174677,0.0,1,25,6,0,0,5.8418565431617635,0.0
596eef7c71f933d820d0e485935d0e8f,04769dac8b828ec7a85676d9e2bffe6f,Beauty & Fitness,Hair Care,"Google, Meta",US,All Territories,2023-06-21,USD,55,67,11340.109016996,4310.228521824,66,82,13159.079574718,5157.733491016,60.276014393,0.0,355.21,0.0,0.0,0.0,0.0,0.0,0.0,26.0,0.0,413.0,0.0,0.0,0.0,0.0,0.0,0.0,396.0,0.0,52808.0,0.0,0.0,0.0,0.0,0.0,0.0,275.0,101.0,401.0,62.0,427.0,142.0,415.486014393,0.0,2,25,6,0,0,6.031852882154759,0.0
596eef7c71f933d820d0e485935d0e8f,04769dac8b828ec7a85676d9e2bffe6f,Beauty & Fitness,Hair Care,"Google, Meta",US,All Territories,2023-06-22,USD,56,72,11901.973790801,4619.032504432,60,78,12586.473790801,4869.082504432,31.689543343,0.0,344.76,0.0,0.0,0.0,0.0,0.0,0.0,15.0,0.0,421.0,0.0,0.0,0.0,0.0,0.0,0.0,244.0,0.0,50662.0,0.0,0.0,0.0,0.0,0.0,0.0,347.0,100.0,397.0,40.0,384.0,149.0,376.449543343,0.0,3,25,6,0,0,5.93343689973724,0.0
596eef7c71f933d820d0e485935d0e8f,04769dac8b828ec7a85676d9e2bffe6f,Beauty & Fitness,Hair Care,"Google, Meta",US,All Territories,2023-06-23,USD,48,59,9310.251047478,3517.07193248,56,70,10972.241047478,4225.42193248,39.532409504,0.0,313.28,0.0,0.0,0.0,0.0,0.0,0.0,16.0,0.0,432.0,0.0,0.0,0.0,0.0,0.0,0.0,222.0,0.0,43722.0,0.0,0.0,0.0,0.0,0.0,0.0,353.0,109.0,424.0,104.0,351.0,162.0,352.81240950399996,0.0,4,25,6,0,0,5.868766856022955,0.0
596eef7c71f933d820d0e485935d0e8f,04769dac8b828ec7a85676d9e2bffe6f,Beauty & Fitness,Hair Care,"Google, Meta",US,All Territories,2023-06-24,USD,47,60,8773.373438173,3412.271375269,53,67,9886.688569523,3857.586577018,54.90754439,0.0,293.03,0.0,0.0,0.0,0.0,0.0,0.0,21.0,0.0,448.0,0.0,0.0,0.0,0.0,0.0,0.0,259.0,0.0,49516.0,0.0,0.0,0.0,0.0,0.0,0.0,256.0,94.0,448.0,96.0,405.0,127.0,347.93754438999997,0.0,5,25,6,1,0,5.85489295028533,0.0
596eef7c71f933d820d0e485935d0e8f,04769dac8b828ec7a85676d9e2bffe6f,Beauty & Fitness,Hair Care,"Google, Meta",US,All Territories,2023-06-25,USD,50,65,9349.52,3562.71,58,74,10444.76,4024.43,14.35,0.0,353.38,0.0,0.0,0.0,0.0,0.0,0.0,7.0,0.0,566.0,0.0,0.0,0.0,0.0,0.0,0.0,133.0,0.0,50355.0,0.0,0.0,0.0,0.0,0.0,0.0,207.0,86.0,346.0,49.0,366.0,138.0,367.73,0.0,6,25,6,1,0,5.910064668894999,0.0
596eef7c71f933d820d0e485935d0e8f,04769dac8b828ec7a85676d9e2bffe6f,Beauty & Fitness,Hair Care,"Google, Meta",US,All Territories,2023-06-26,USD,44,56,8862.3695914,3341.066378858,50,71,9625.5195914,3715.726378858,25.821063432,0.0,336.09,0.0,0.0,0.0,0.0,0.0,0.0,10.0,0.0,429.0,0.0,0.0,0.0,0.0,0.0,0.0,227.0,0.0,46758.0,0.0,0.0,0.0,0.0,0.0,0.0,361.0,84.0,440.0,351.0,275.0,161.0,361.911063432,0.0,0,26,6,0,0,5.89415779992683,0.0
596eef7c71f933d820d0e485935d0e8f,04769dac8b828ec7a85676d9e2bffe6f,Beauty & Fitness,Hair Care,"Google, Meta",US,All Territories,2023-06-27,USD,48,66,8396.027241748,3186.816323719,55,80,9587.317384655,3544.530380882,32.068852245,0.0,334.29,0.0,0.0,0.0,0.0,0.0,0.0,19.0,0.0,418.0,0.0,0.0,0.0,0.0,0.0,0.0,181.0,0.0,38944.0,0.0,0.0,0.0,0.0,0.0,0.0,256.0,101.0,392.0,244.0,221.0,158.0,366.35885224500004,0.0,1,26,6,0,0,5.906339169353187,0.0
596eef7c71f933d820d0e485935d0e8f,04769dac8b828ec7a85676d9e2bffe6f,Beauty & Fitness,Hair Care,"Google, Meta",US,All Territories,2023-06-28,USD,51,77,10345.72037346,4148.217094526,55,81,10813.72037346,4335.417094526,23.710394337,0.0,265.98,0.0,0.0,0.0,0.0,0.0,0.0,15.0,0.0,418.0,0.0,0.0,0.0,0.0,0.0,0.0,208.0,0.0,37357.0,0.0,0.0,0.0,0.0,0.0,0.0,241.0,92.0,432.0,201.0,217.0,158.0,289.69039433700004,0.0,2,26,6,0,0,5.672258763802517,0.0
596eef7c71f933d820d0e485935d0e8f,04769dac8b828ec7a85676d9e2bffe6f,Beauty & Fitness,Hair Care,"Google, Meta",US,All Territories,2023-06-29,USD,45,80,8730.049384178,3387.816735373,53,93,10107.849384178,3919.336735373,13.425542244,0.0,352.84,0.0,0.0,0.0,0.0,0.0,0.0,11.0,0.0,547.0,0.0,0.0,0.0,0.0,0.0,0.0,228.0,0.0,45651.0,0.0,0.0,0.0,0.0,0.0,0.0,265.0,97.0,419.0,100.0,176.0,153.0,366.26554224399996,0.0,3,26,6,0,0,5.906085134768434,0.0
596eef7c71f933d820d0e485935d0e8f,04769dac8b828ec7a85676d9e2bffe6f,Beauty & Fitness,Hair Care,"Google, Meta",US,All Territories,2023-06-30,USD,49,56,8718.229645358,3367.39136809,56,68,10201.006773073,4099.311716978,25.28,0.0,589.3,0.0,0.0,0.0,0.0,0.0,0.0,12.0,0.0,754.0,0.0,0.0,0.0,0.0,0.0,0.0,215.0,0.0,68276.0,0.0,0.0,0.0,0.0,0.0,0.0,231.0,100.0,367.0,223.0,140.0,144.0,614.5799999999999,0.0,4,26,6,0,0,6.422564912807977,0.0
596eef7c71f933d820d0e485935d0e8f,04769dac8b828ec7a85676d9e2bffe6f,Beauty & Fitness,Hair Care,"Google, Meta",US,All Territories,2023-07-01,USD,60,76,11972.672226807,4398.800918241,69,89,13575.399952174,5020.076991398,35.937389227,0.0,498.34,0.0,0.0,0.0,0.0,0.0,0.0,19.0,0.0,629.0,0.0,0.0,0.0,0.0,0.0,0.0,234.0,0.0,62638.0,0.0,0.0,0.0,0.0,0.0,0.0,299.0,87.0,371.0,99.0,173.0,153.0,534.277389227,0.0,5,26,7,1,0,6.282785097065791,0.0
596eef7c71f933d820d0e485935d0e8f,04769dac8b828ec7a85676d9e2bffe6f,Beauty & Fitness,Hair Care,"Google, Meta",US,All Territories,2023-07-02,USD,50,58,8524.045187099,3280.212973748,56,75,9282.425187099,3511.792973748,26.930130352,0.0,464.51,0.0,0.0,0.0,0.0,0.0,0.0,12.0,0.0,600.0,0.0,0.0,0.0,0.0,0.0,0.0,242.0,0.0,69697.0,0.0,0.0,0.0,0.0,0.0,0.0,214.0,76.0,406.0,204.0,187.0,130.0,491.440130352,0.0,6,26,7,1,0,6.19937289048574,0.0
596eef7c71f933d820d0e485935d0e8f,04769dac8b828ec7a85676d9e2bffe6f,Beauty & Fitness,Hair Care,"Google, Meta",US,All Territories,2023-07-03,USD,51,77,9959.395634348,3913.087753699,57,85,11421.475634348,4497.247753699,10.631125192,0.0,492.36,0.0,0.0,0.0,0.0,0.0,0.0,10.0,0.0,587.0,0.0,0.0,0.0,0.0,0.0,0.0,261.0,0.0,65609.0,0.0,0.0,0.0,0.0,0.0,0.0,283.0,114.0,434.0,158.0,215.0,185.0,502.991125192,0.0,0,27,7,0,0,6.222558659170301,0.0
596eef7c71f933d820d0e485935d0e8f,04769dac8b828ec7a85676d9e2bffe6f,Beauty & Fitness,Hair Care,"Google, Meta",US,All Territories,2023-07-04,USD,86,117,16937.634662369,6410.199442912,91,125,18164.134049658,6900.800710109,9.687283722,0.0,541.54,0.0,0.0,0.0,0.0,0.0,0.0,6.0,0.0,643.0,0.0,0.0,0.0,0.0,0.0,0.0,199.0,0.0,65651.0,0.0,0.0,0.0,0.0,0.0,0.0,263.0,87.0,452.0,178.0,237.0,137.0,551.2272837219999,0.0,1,27,7,0,0,6.313959707406212,0.0
596eef7c71f933d820d0e485935d0e8f,04769dac8b828ec7a85676d9e2bffe6f,Beauty & Fitness,Hair Care,"Google, Meta",US,All Territories,2023-07-05,USD,52,62,9299.381695493,3597.509667634,57,68,10538.711695493,4087.909667634,12.451751859,0.0,425.99,0.0,0.0,0.0,0.0,0.0,0.0,12.0,0.0,539.0,0.0,0.0,0.0,0.0,0.0,0.0,252.0,0.0,51691.0,0.0,0.0,0.0,0.0,0.0,0.0,288.0,92.0,394.0,167.0,217.0,161.0,438.441751859,0.0,2,27,7,0,0,6.085505175597964,0.0
596eef7c71f933d820d0e485935d0e8f,04769dac8b828ec7a85676d9e2bffe6f,Beauty & Fitness,Hair Care,"Google, Meta",US,All Territories,2023-07-06,USD,47,60,8486.824665874,3373.285155166,55,76,9554.722918431,3744.245155166,24.819517075,0.0,311.16,0.0,0.0,0.0,0.0,0.0,0.0,16.0,0.0,461.0,0.0,0.0,0.0,0.0,0.0,0.0,171.0,0.0,43195.0,18.0,0.0,0.0,0.0,0.0,0.0,280.0,73.0,428.0,80.0,255.0,133.0,335.97951707500005,0.0,3,27,7,0,0,5.820022148312293,0.0
596eef7c71f933d820d0e485935d0e8f,04769dac8b828ec7a85676d9e2bffe6f,Beauty & Fitness,Hair Care,"Google, Meta",US,All Territories,2023-07-07,USD,54,75,9871.467165371,3272.826570131,58,81,10410.457165371,3452.426570131,41.531531433,0.0,336.93,18.12,0.0,0.0,0.0,0.0,0.0,19.0,0.0,464.0,14.0,0.0,0.0,0.0,0.0,0.0,228.0,0.0,40183.0,958.0,0.0,0.0,0.0,0.0,0.0,282.0,109.0,474.0,75.0,291.0,149.0,396.581531433,0.0,4,27,7,0,0,5.9854000235853695,0.0
596eef7c71f933d820d0e485935d0e8f,04769dac8b828ec7a85676d9e2bffe6f,Beauty & Fitness,Hair Care,"Google, Meta",US,All Territories,2023-07-08,USD,39,42,6014.149785779,1547.333706549,43,51,6304.84887219,1582.054093961,19.823502244,0.0,344.75,17.63,0.0,0.0,0.0,0.0,0.0,17.0,0.0,544.0,17.0,0.0,0.0,0.0,0.0,0.0,197.0,0.0,46845.0,1203.0,0.0,0.0,0.0,0.0,0.0,336.0,102.0,409.0,51.0,298.0,141.0,382.203502244,0.0,5,27,7,1,0,5.948566185522582,0.0
596eef7c71f933d820d0e485935d0e8f,04769dac8b828ec7a85676d9e2bffe6f,Beauty & Fitness,Hair Care,"Google, Meta",US,All Territories,2023-07-09,USD,28,32,4919.796896301,1211.379787327,36,49,6278.986896301,1574.019787327,42.53525449,0.0,291.67,110.76,0.0,0.0,0.0,0.0,0.0,15.0,0.0,498.0,77.0,0.0,0.0,0.0,0.0,0.0,225.0,0.0,44042.0,11682.0,0.0,0.0,0.0,0.0,0.0,249.0,65.0,404.0,146.0,327.0,96.0,444.96525449,0.0,6,27,7,1,0,6.100241044254391,0.0
596eef7c71f933d820d0e485935d0e8f,04769dac8b828ec7a85676d9e2bffe6f,Beauty & Fitness,Hair Care,"Google, Meta",US,All Territories,2023-07-10,USD,23,26,3628.501453825,888.58919284,24,27,3718.491453825,888.58919284,18.46,0.0,305.18,142.99,0.0,0.0,0.0,0.0,0.0,9.0,0.0,491.0,115.0,0.0,0.0,0.0,0.0,0.0,94.0,0.0,44681.0,64259.0,0.0,0.0,0.0,0.0,0.0,257.0,73.0,402.0,111.0,248.0,119.0,466.63,0.0,0,28,7,0,0,6.147677384939402,0.0
596eef7c71f933d820d0e485935d0e8f,04769dac8b828ec7a85676d9e2bffe6f,Beauty & Fitness,Hair Care,"Google, Meta",US,All Territories,2023-07-11,USD,28,34,4505.675060096,1072.511857554,36,42,5864.545060096,1436.431857554,13.76,0.0,291.21,120.87,0.0,0.0,0.0,0.0,0.0,8.0,0.0,388.0,58.0,0.0,0.0,0.0,0.0,0.0,154.0,0.0,37587.0,10088.0,0.0,0.0,0.0,0.0,0.0,258.0,79.0,510.0,100.0,267.0,136.0,425.84,0.0,1,28,7,0,0,6.056409235748364,0.0
596eef7c71f933d820d0e485935d0e8f,04769dac8b828ec7a85676d9e2bffe6f,Beauty & Fitness,Hair Care,"Google, Meta",US,All Territories,2023-07-12,USD,30,38,5174.121716526,1242.570778285,37,48,6193.351716526,1442.480778285,16.76733797,0.0,169.61,37.17,0.0,0.0,0.0,0.0,0.0,11.0,0.0,292.0,32.0,0.0,0.0,0.0,0.0,0.0,104.0,0.0,21615.0,3509.0,0.0,0.0,0.0,0.0,0.0,581.0,94.0,404.0,86.0,282.0,157.0,223.54733797,0.0,2,28,7,0,0,5.414086544509123,0.0
596eef7c71f933d820d0e485935d0e8f,04769dac8b828ec7a85676d9e2bffe6f,Beauty & Fitness,Hair Care,"Google, Meta",US,All Territories,2023-07-13,USD,41,49,5980.408302916,1299.890931208,42,51,6378.408302916,1447.150931208,7.239651594,0.0,199.33,36.88,0.0,0.0,0.0,0.0,0.0,7.0,0.0,370.0,28.0,0.0,0.0,0.0,0.0,0.0,93.0,0.0,31730.0,2931.0,0.0,0.0,0.0,0.0,0.0,277.0,70.0,376.0,47.0,238.0,102.0,243.44965159400002,0.0,3,28,7,0,0,5.499009363758758,0.0
596eef7c71f933d820d0e485935d0e8f,04769dac8b828ec7a85676d9e2bffe6f,Beauty & Fitness,Hair Care,"Google, Meta",US,All Territories,2023-07-14,USD,23,26,4183.962685924,996.739873638,25,28,4537.162685924,1085.039873638,20.17,0.0,257.72,6.63,0.0,0.0,0.0,0.0,0.0,15.0,0.0,421.0,8.0,0.0,0.0,0.0,0.0,0.0,68.0,0.0,36097.0,586.0,0.0,0.0,0.0,0.0,0.0,495.0,68.0,418.0,90.0,231.0,190.0,284.52000000000004,0.0,4,28,7,0,0,5.6543120791819055,0.0
596eef7c71f933d820d0e485935d0e8f,04769dac8b828ec7a85676d9e2bffe6f,Beauty & Fitness,Hair Care,"Google, Meta",US,All Territories,2023-07-15,USD,38,43,5572.052646169,1388.505852195,43,50,6389.722646169,1632.405852195,20.086269862,0.0,184.77,0.0,0.0,0.0,0.0,0.0,0.0,12.0,0.0,332.0,0.0,0.0,0.0,0.0,0.0,0.0,98.0,0.0,35431.0,0.0,0.0,0.0,0.0,0.0,0.0,281.0,48.0,491.0,78.0,245.0,137.0,204.856269862,0.0,5,28,7,1,0,5.327178206153815,0.0
596eef7c71f933d820d0e485935d0e8f,04769dac8b828ec7a85676d9e2bffe6f,Beauty & Fitness,Hair Care,"Google, Meta",US,All Territories,2023-07-16,USD,39,51,6590.26628319,1861.226872759,41,53,6742.13628319,1899.186872759,2.098943026,0.0,207.5,0.0,0.0,0.0,0.0,0.0,0.0,4.0,0.0,348.0,0.0,0.0,0.0,0.0,0.0,0.0,79.0,0.0,35860.0,0.0,0.0,0.0,0.0,0.0,0.0,270.0,74.0,415.0,47.0,291.0,182.0,209.598943026,0.0,6,28,7,1,0,5.349955580817385,0.0
596eef7c71f933d820d0e485935d0e8f,04769dac8b828ec7a85676d9e2bffe6f,Beauty & Fitness,Hair Care,"Google, Meta",US,All Territories,2023-07-17,USD,37,44,6503.128365584,2062.383045604,43,56,7515.808365584,2315.553045604,17.18,0.0,183.57,0.0,0.0,0.0,0.0,0.0,0.0,9.0,0.0,303.0,0.0,0.0,0.0,0.0,0.0,0.0,89.0,0.0,27931.0,0.0,0.0,0.0,0.0,0.0,0.0,312.0,78.0,380.0,29.0,236.0,195.0,200.75,0.0,0,29,7,0,0,5.307029307150058,0.0
596eef7c71f933d820d0e485935d0e8f,04769dac8b828ec7a85676d9e2bffe6f,Beauty & Fitness,Hair Care,"Google, Meta",US,All Territories,2023-07-18,USD,23,28,4300.84,1467.51,28,33,4776.83,1690.32,2.96,0.0,204.63,0.0,0.0,0.0,0.0,0.0,0.0,1.0,0.0,358.0,0.0,0.0,0.0,0.0,0.0,0.0,48.0,0.0,32966.0,0.0,0.0,0.0,0.0,0.0,0.0,250.0,54.0,345.0,16.0,196.0,181.0,207.59,0.0,1,29,7,0,0,5.3403706027790365,0.0
596eef7c71f933d820d0e485935d0e8f,04769dac8b828ec7a85676d9e2bffe6f,Beauty & Fitness,Hair Care,"Google, Meta",US,All Territories,2023-07-19,USD,27,39,5356.051644396,1650.00367668,31,48,5690.871644396,1753.97367668,19.65,0.0,233.53,0.0,0.0,0.0,0.0,0.0,0.0,11.0,0.0,324.0,0.0,0.0,0.0,0.0,0.0,0.0,95.0,0.0,33723.0,0.0,0.0,0.0,0.0,0.0,0.0,238.0,80.0,352.0,37.0,243.0,330.0,253.18,0.0,2,29,7,0,0,5.538042677453924,0.0
596eef7c71f933d820d0e485935d0e8f,04769dac8b828ec7a85676d9e2bffe6f,Beauty & Fitness,Hair Care,"Google, Meta",US,All Territories,2023-07-20,USD,39,45,7169.340205265,2527.089065317,45,52,8413.730205265,3121.479065317,6.04795139,0.0,291.41,0.0,0.0,0.0,0.0,0.0,0.0,4.0,0.0,344.0,0.0,0.0,0.0,0.0,0.0,0.0,71.0,0.0,36943.0,0.0,0.0,0.0,0.0,0.0,0.0,263.0,86.0,379.0,32.0,237.0,340.0,297.45795139,0.0,3,29,7,0,0,5.6986290565449,0.0
596eef7c71f933d820d0e485935d0e8f,04769dac8b828ec7a85676d9e2bffe6f,Beauty & Fitness,Hair Care,"Google, Meta",US,All Territories,2023-07-21,USD,54,61,9484.065473197,3492.713207732,59,68,10591.375473197,3880.253207732,23.99926038,0.0,258.43,0.0,0.0,0.0,0.0,0.0,0.0,11.0,0.0,341.0,0.0,0.0,0.0,0.0,0.0,0.0,95.0,0.0,41684.0,0.0,0.0,0.0,0.0,0.0,0.0,249.0,86.0,413.0,113.0,292.0,227.0,282.42926038,0.0,4,29,7,0,0,5.64696256956276,0.0
596eef7c71f933d820d0e485935d0e8f,04769dac8b828ec7a85676d9e2bffe6f,Beauty & Fitness,Hair Care,"Google, Meta",US,All Territories,2023-07-22,USD,39,46,7737.402091233,2394.201946043,42,49,8331.482091233,2691.481946043,10.62,0.0,295.75,0.0,0.0,0.0,0.0,0.0,0.0,5.0,0.0,356.0,0.0,0.0,0.0,0.0,0.0,0.0,101.0,0.0,45281.0,0.0,0.0,0.0,0.0,0.0,0.0,304.0,80.0,427.0,64.0,271.0,203.0,306.37,0.0,5,29,7,1,0,5.728052233628939,0.0
596eef7c71f933d820d0e485935d0e8f,04769dac8b828ec7a85676d9e2bffe6f,Beauty & Fitness,Hair Care,"Google, Meta",US,All Territories,2023-07-23,USD,34,46,6167.60340775,2079.80292118,42,57,7892.51340775,2658.84292118,22.03,0.0,342.32,0.0,0.0,0.0,0.0,0.0,0.0,7.0,0.0,428.0,0.0,0.0,0.0,0.0,0.0,0.0,141.0,0.0,44826.0,0.0,0.0,0.0,0.0,0.0,0.0,314.0,73.0,396.0,135.0,256.0,169.0,364.35,0.0,6,29,7,1,0,5.9008557982372265,0.0
596eef7c71f933d820d0e485935d0e8f,04769dac8b828ec7a85676d9e2bffe6f,Beauty & Fitness,Hair Care,"Google, Meta",US,All Territories,2023-07-24,USD,43,55,7437.196310442,2483.293000934,49,61,7993.186310442,2640.983000934,20.40237786,0.0,333.66,0.0,0.0,0.0,0.0,0.0,0.0,12.0,0.0,428.0,0.0,0.0,0.0,0.0,0.0,0.0,120.0,0.0,44865.0,0.0,0.0,0.0,0.0,0.0,0.0,269.0,51.0,338.0,95.0,267.0,134.0,354.06237786,0.0,0,30,7,0,0,5.872293486321511,0.0
596eef7c71f933d820d0e485935d0e8f,04769dac8b828ec7a85676d9e2bffe6f,Beauty & Fitness,Hair Care,"Google, Meta",US,All Territories,2023-07-25,USD,38,51,6467.64686259,2113.708711686,43,57,6959.72686259,2240.058711686,18.81,0.0,325.39,0.0,0.0,0.0,0.0,0.0,0.0,9.0,0.0,385.0,0.0,0.0,0.0,0.0,0.0,0.0,130.0,0.0,44116.0,0.0,0.0,0.0,0.0,0.0,0.0,265.0,61.0,392.0,49.0,268.0,166.0,344.2,0.0,1,30,7,0,0,5.844123959209273,0.0
596eef7c71f933d820d0e485935d0e8f,04769dac8b828ec7a85676d9e2bffe6f,Beauty & Fitness,Hair Care,"Google, Meta",US,All Territories,2023-07-26,USD,25,42,4643.842341571,1353.368285297,29,46,5414.762341571,1702.548285297,33.828158622,0.0,307.27,0.0,0.0,0.0,0.0,0.0,0.0,10.0,0.0,394.0,0.0,0.0,0.0,0.0,0.0,0.0,107.0,0.0,46291.0,0.0,0.0,0.0,0.0,0.0,0.0,276.0,59.0,446.0,132.0,242.0,178.0,341.09815862199997,0.0,2,30,7,0,0,5.835097709396726,0.0
596eef7c71f933d820d0e485935d0e8f,04769dac8b828ec7a85676d9e2bffe6f,Beauty & Fitness,Hair Care,"Google, Meta",US,All Territories,2023-07-27,USD,40,51,6044.619489501,1871.978282767,46,68,6511.399489501,1898.818282767,15.64,0.0,319.58,0.0,0.0,0.0,0.0,0.0,0.0,6.0,0.0,373.0,0.0,0.0,0.0,0.0,0.0,0.0,121.0,0.0,46813.0,0.0,0.0,0.0,0.0,0.0,0.0,270.0,53.0,424.0,67.0,284.0,132.0,335.21999999999997,0.0,3,30,7,0,0,5.817765707604912,0.0
596eef7c71f933d820d0e485935d0e8f,04769dac8b828ec7a85676d9e2bffe6f,Beauty & Fitness,Hair Care,"Google, Meta",US,All Territories,2023-07-28,USD,55,64,8944.443710558,2700.205632198,67,82,11135.873710558,3456.695632198,15.23,0.0,354.06,0.0,0.0,0.0,0.0,0.0,0.0,13.0,0.0,398.0,0.0,0.0,0.0,0.0,0.0,0.0,108.0,0.0,52286.0,0.0,0.0,0.0,0.0,0.0,0.0,286.0,61.0,475.0,344.0,308.0,125.0,369.29,0.0,4,30,7,0,0,5.914286482423947,0.0
596eef7c71f933d820d0e485935d0e8f,04769dac8b828ec7a85676d9e2bffe6f,Beauty & Fitness,Hair Care,"Google, Meta",US,All Territories,2023-07-29,USD,45,60,7704.366496457,2175.305918657,50,70,8603.776496457,2453.165918657,14.846391171,0.0,350.24,0.0,0.0,0.0,0.0,0.0,0.0,12.0,0.0,451.0,0.0,0.0,0.0,0.0,0.0,0.0,121.0,0.0,59948.0,0.0,0.0,0.0,0.0,0.0,0.0,237.0,71.0,444.0,94.0,332.0,133.0,365.086391171,0.0,5,30,7,1,0,5.902869346998786,0.0
596eef7c71f933d820d0e485935d0e8f,04769dac8b828ec7a85676d9e2bffe6f,Beauty & Fitness,Hair Care,"Google, Meta",US,All Territories,2023-07-30,USD,46,56,8261.872353804,2646.647552444,51,62,8889.102353804,2847.067552444,21.318894326,0.0,389.5,0.0,0.0,0.0,0.0,0.0,0.0,11.0,0.0,456.0,0.0,0.0,0.0,0.0,0.0,0.0,90.0,0.0,58075.0,0.0,0.0,0.0,0.0,0.0,0.0,241.0,51.0,417.0,80.0,336.0,109.0,410.818894326,0.0,6,30,7,1,0,6.0205836758286475,0.0
596eef7c71f933d820d0e485935d0e8f,04769dac8b828ec7a85676d9e2bffe6f,Beauty & Fitness,Hair Care,"Google, Meta",US,All Territories,2023-07-31,USD,42,54,7193.790400141,2249.837866374,48,60,7851.640042142,2575.557731043,22.301144306,0.0,381.51,0.0,0.0,0.0,0.0,0.0,0.0,11.0,0.0,407.0,0.0,0.0,0.0,0.0,0.0,0.0,85.0,0.0,53847.0,0.0,0.0,0.0,0.0,0.0,0.0,235.0,64.0,400.0,55.0,295.0,130.0,403.811144306,0.0,0,31,7,0,0,6.003420647994499,0.0
596eef7c71f933d820d0e485935d0e8f,04769dac8b828ec7a85676d9e2bffe6f,Beauty & Fitness,Hair Care,"Google, Meta",US,All Territories,2023-08-01,USD,42,46,7195.905177832,2178.703359302,47,54,7776.815177832,2397.113359302,21.13,0.0,384.91,0.0,0.0,0.0,0.0,0.0,0.0,11.0,0.0,429.0,0.0,0.0,0.0,0.0,0.0,0.0,110.0,0.0,60206.0,0.0,0.0,0.0,0.0,0.0,0.0,281.0,48.0,451.0,43.0,320.0,105.0,406.04,0.0,1,31,8,0,0,6.008911460711703,0.0
596eef7c71f933d820d0e485935d0e8f,04769dac8b828ec7a85676d9e2bffe6f,Beauty & Fitness,Hair Care,"Google, Meta",US,All Territories,2023-08-02,USD,45,64,8829.355522412,2951.167528668,49,70,9470.731661144,3236.00917603,12.9,0.0,469.207398547,0.0,0.0,0.0,0.0,0.0,0.0,9.0,0.0,469.0,0.0,0.0,0.0,0.0,0.0,0.0,69.0,0.0,65319.0,0.0,0.0,0.0,0.0,0.0,0.0,258.0,64.0,423.0,106.0,286.0,117.0,482.107398547,0.0,2,31,8,0,0,6.1802389861750315,0.0
596eef7c71f933d820d0e485935d0e8f,04769dac8b828ec7a85676d9e2bffe6f,Beauty & Fitness,Hair Care,"Google, Meta",US,All Territories,2023-08-03,USD,39,46,7405.259912038,2293.873277346,41,48,7760.259912038,2418.123277346,12.918654661,0.0,384.614658638,0.0,0.0,0.0,0.0,0.0,0.0,7.0,0.0,525.0,0.0,0.0,0.0,0.0,0.0,0.0,102.0,0.0,66683.0,0.0,0.0,0.0,0.0,0.0,0.0,265.0,61.0,420.0,45.0,239.0,107.0,397.533313299,0.0,3,31,8,0,0,5.9877910914715144,0.0
596eef7c71f933d820d0e485935d0e8f,04769dac8b828ec7a85676d9e2bffe6f,Beauty & Fitness,Hair Care,"Google, Meta",US,All Territories,2023-08-04,USD,41,46,7963.751711045,2708.792092146,44,49,8578.131711045,2923.822092146,7.98,0.0,441.299208181,0.0,0.0,0.0,0.0,0.0,0.0,7.0,0.0,541.0,0.0,0.0,0.0,0.0,0.0,0.0,80.0,0.0,69429.0,0.0,0.0,0.0,0.0,0.0,0.0,259.0,53.0,456.0,115.0,273.0,99.0,449.279208181,0.0,4,31,8,0,0,6.109867852981459,0.0
596eef7c71f933d820d0e485935d0e8f,04769dac8b828ec7a85676d9e2bffe6f,Beauty & Fitness,Hair Care,"Google, Meta",US,All Territories,2023-08-05,USD,45,64,8651.687168227,2506.688441607,47,68,8869.983658379,2558.301621591,16.88,0.0,458.898142078,0.0,0.0,0.0,0.0,0.0,0.0,12.0,0.0,592.0,0.0,0.0,0.0,0.0,0.0,0.0,85.0,0.0,71186.0,0.0,0.0,0.0,0.0,0.0,0.0,238.0,40.0,432.0,54.0,284.0,83.0,475.778142078,0.0,5,31,8,1,0,6.167051271743104,0.0
596eef7c71f933d820d0e485935d0e8f,04769dac8b828ec7a85676d9e2bffe6f,Beauty & Fitness,Hair Care,"Google, Meta",US,All Territories,2023-08-06,USD,45,63,7826.42,2311.19,52,71,9262.65,2765.21,18.36,0.0,535.99,0.0,0.0,0.0,0.0,0.0,0.0,8.0,0.0,612.0,0.0,0.0,0.0,0.0,0.0,0.0,46.0,0.0,75283.0,0.0,0.0,0.0,0.0,0.0,0.0,236.0,58.0,398.0,206.0,284.0,121.0,554.35,0.0,6,31,8,1,0,6.319598545613129,0.0
596eef7c71f933d820d0e485935d0e8f,04769dac8b828ec7a85676d9e2bffe6f,Beauty & Fitness,Hair Care,"Google, Meta",US,All Territories,2023-08-07,USD,42,47,6988.347186537,2188.818420236,47,54,7743.88908488,2582.502823842,26.87,0.0,475.661991949,0.0,0.0,0.0,0.0,0.0,0.0,14.0,0.0,521.0,0.0,0.0,0.0,0.0,0.0,0.0,90.0,0.0,68690.0,0.0,0.0,0.0,0.0,0.0,0.0,349.0,64.0,418.0,98.0,295.0,166.0,502.53199194900003,0.0,0,32,8,0,0,6.221647249264223,0.0
596eef7c71f933d820d0e485935d0e8f,04769dac8b828ec7a85676d9e2bffe6f,Beauty & Fitness,Hair Care,"Google, Meta",US,All Territories,2023-08-08,USD,48,71,8261.967873073,2556.015723846,54,83,8992.167594688,2836.940290142,27.872818398,0.0,487.549402188,0.0,0.0,0.0,0.0,0.0,0.0,15.0,0.0,516.0,0.0,0.0,0.0,0.0,0.0,0.0,98.0,0.0,68820.0,0.0,0.0,0.0,0.0,0.0,0.0,258.0,71.0,530.0,61.0,309.0,159.0,515.422220586,0.0,1,32,8,0,0,6.2469246878414655,0.0
596eef7c71f933d820d0e485935d0e8f,04769dac8b828ec7a85676d9e2bffe6f,Beauty & Fitness,Hair Care,"Google, Meta",US,All Territories,2023-08-09,USD,40,49,6882.290503472,2394.211328803,44,54,7450.270894444,2585.43129531,15.197408028,0.0,467.5216914,0.0,0.0,0.0,0.0,0.0,0.0,10.0,0.0,503.0,0.0,0.0,0.0,0.0,0.0,0.0,74.0,0.0,67362.0,0.0,0.0,0.0,0.0,0.0,0.0,304.0,76.0,436.0,109.0,311.0,201.0,482.719099428,0.0,2,32,8,0,0,6.181504365152338,0.0
596eef7c71f933d820d0e485935d0e8f,04769dac8b828ec7a85676d9e2bffe6f,Beauty & Fitness,Hair Care,"Google, Meta",US,All Territories,2023-08-10,USD,37,40,6289.066648694,1673.751798613,43,48,7053.71869177,1982.559245824,29.75,0.0,409.900852327,0.0,0.0,0.0,0.0,0.0,0.0,14.0,0.0,482.0,0.0,0.0,0.0,0.0,0.0,0.0,94.0,0.0,58393.0,0.0,0.0,0.0,0.0,0.0,0.0,260.0,59.0,434.0,49.0,265.0,153.0,439.650852327,0.0,3,32,8,0,0,6.088252843793203,0.0
596eef7c71f933d820d0e485935d0e8f,04769dac8b828ec7a85676d9e2bffe6f,Beauty & Fitness,Hair Care,"Google, Meta",US,All Territories,2023-08-11,USD,31,37,6008.242815614,1863.411126246,46,60,8144.532815614,2498.931126246,15.781039484,0.0,449.558004129,0.0,0.0,0.0,0.0,0.0,0.0,10.0,0.0,556.0,0.0,0.0,0.0,0.0,0.0,0.0,80.0,0.0,57595.0,0.0,0.0,0.0,0.0,0.0,0.0,313.0,60.0,430.0,691.0,240.0,133.0,465.339043613,0.0,4,32,8,0,0,6.144912930982445,0.0
596eef7c71f933d820d0e485935d0e8f,04769dac8b828ec7a85676d9e2bffe6f,Beauty & Fitness,Hair Care,"Google, Meta",US,All Territories,2023-08-12,USD,40,49,7461.598190479,2263.822252491,51,66,8787.288190479,2598.992252491,37.560230736,0.0,486.512361703,0.0,0.0,0.0,0.0,0.0,0.0,14.0,0.0,584.0,0.0,0.0,0.0,0.0,0.0,0.0,129.0,0.0,62481.0,0.0,0.0,0.0,0.0,0.0,0.0,253.0,53.0,511.0,117.0,239.0,122.0,524.072592439,0.0,5,32,8,1,0,6.263536524345408,0.0
596eef7c71f933d820d0e485935d0e8f,04769dac8b828ec7a85676d9e2bffe6f,Beauty & Fitness,Hair Care,"Google, Meta",US,All Territories,2023-08-13,USD,39,44,6037.28,1914.42,46,54,6828.66,2158.81,30.31,0.0,440.27,0.0,0.0,0.0,0.0,0.0,0.0,14.0,0.0,540.0,0.0,0.0,0.0,0.0,0.0,0.0,97.0,0.0,59770.0,0.0,0.0,0.0,0.0,0.0,0.0,248.0,56.0,444.0,125.0,199.0,121.0,470.58,0.0,6,32,8,1,0,6.156088758942902,0.0
596eef7c71f933d820d0e485935d0e8f,04769dac8b828ec7a85676d9e2bffe6f,Beauty & Fitness,Hair Care,"Google, Meta",US,All Territories,2023-08-14,USD,43,51,7927.317609664,2407.6477849,46,54,8541.697609664,2632.6277849,13.94,0.0,422.789887239,0.0,0.0,0.0,0.0,0.0,0.0,9.0,0.0,481.0,0.0,0.0,0.0,0.0,0.0,0.0,102.0,0.0,55358.0,0.0,0.0,0.0,0.0,0.0,0.0,297.0,56.0,431.0,68.0,207.0,132.0,436.729887239,0.0,0,33,8,0,0,6.081602024340005,0.0
596eef7c71f933d820d0e485935d0e8f,04769dac8b828ec7a85676d9e2bffe6f,Beauty & Fitness,Hair Care,"Google, Meta",US,All Territories,2023-08-15,USD,32,45,5428.637770928,1692.087377994,37,54,6048.187770928,1788.167377994,16.313609292,0.0,394.752786196,0.0,0.0,0.0,0.0,0.0,0.0,10.0,0.0,490.0,0.0,0.0,0.0,0.0,0.0,0.0,101.0,0.0,58640.0,0.0,0.0,0.0,0.0,0.0,0.0,288.0,75.0,438.0,150.0,206.0,169.0,411.066395488,0.0,1,33,8,0,0,6.021184490462687,0.0
596eef7c71f933d820d0e485935d0e8f,04769dac8b828ec7a85676d9e2bffe6f,Beauty & Fitness,Hair Care,"Google, Meta",US,All Territories,2023-08-16,USD,22,28,3825.761134214,1258.71866948,28,40,4529.187618513,1480.420393774,14.001164544,0.0,402.83,0.0,0.0,0.0,0.0,0.0,0.0,10.0,0.0,472.0,0.0,0.0,0.0,0.0,0.0,0.0,102.0,0.0,61980.0,0.0,0.0,0.0,0.0,0.0,0.0,243.0,69.0,431.0,69.0,188.0,160.0,416.831164544,0.0,2,33,8,0,0,6.035077438355938,0.0
596eef7c71f933d820d0e485935d0e8f,04769dac8b828ec7a85676d9e2bffe6f,Beauty & Fitness,Hair Care,"Google, Meta",US,All Territories,2023-08-17,USD,30,40,5144.058958412,1459.687869655,35,47,5861.828958412,1669.127869655,5.83,0.0,320.13,0.0,0.0,92.93,0.0,0.0,0.0,3.0,0.0,510.0,0.0,0.0,123.0,0.0,0.0,0.0,124.0,0.0,53950.0,0.0,0.0,3742.0,0.0,0.0,0.0,212.0,64.0,415.0,59.0,196.0,152.0,325.96,92.93,3,33,8,0,0,5.7898378392560215,4.542549824006424
596eef7c71f933d820d0e485935d0e8f,04769dac8b828ec7a85676d9e2bffe6f,Beauty & Fitness,Hair Care,"Google, Meta",US,All Territories,2023-08-18,USD,24,31,4201.761646421,1432.119150063,28,35,4817.076605741,1673.785237785,6.774212705,0.0,340.4,0.0,0.0,123.52,0.0,0.0,0.0,4.0,0.0,488.0,0.0,0.0,86.0,0.0,0.0,0.0,112.0,0.0,46955.0,0.0,0.0,4075.0,0.0,0.0,0.0,238.0,73.0,525.0,184.0,180.0,154.0,347.174212705,123.52,4,33,8,0,0,5.852702965731745,4.824466345573407
596eef7c71f933d820d0e485935d0e8f,04769dac8b828ec7a85676d9e2bffe6f,Beauty & Fitness,Hair Care,"Google, Meta",US,All Territories,2023-08-19,USD,36,44,6187.547807398,1847.77960109,40,50,6609.268025484,1954.012625423,23.567573744,0.0,404.77,0.0,0.0,124.06,0.0,0.0,0.0,6.0,0.0,539.0,0.0,0.0,65.0,0.0,0.0,0.0,82.0,0.0,52105.0,0.0,0.0,3934.0,0.0,0.0,0.0,198.0,61.0,491.0,68.0,184.0,126.0,428.337573744,124.06,5,33,8,1,0,6.062243494680334,4.828793622139152
596eef7c71f933d820d0e485935d0e8f,04769dac8b828ec7a85676d9e2bffe6f,Beauty & Fitness,Hair Care,"Google, Meta",US,All Territories,2023-08-20,USD,43,51,7123.700137945,2020.439545451,47,55,7680.690137945,2221.289545451,25.477091275,0.0,362.6,0.0,0.0,110.24,0.0,0.0,0.0,8.0,0.0,469.0,0.0,0.0,57.0,0.0,0.0,0.0,126.0,0.0,48452.0,0.0,0.0,4066.0,0.0,0.0,0.0,281.0,62.0,499.0,168.0,232.0,149.0,388.07709127500004,110.24,6,33,8,1,0,5.963777502068597,4.711690029365764
596eef7c71f933d820d0e485935d0e8f,04769dac8b828ec7a85676d9e2bffe6f,Beauty & Fitness,Hair Care,"Google, Meta",US,All Territories,2023-08-21,USD,48,55,8731.697473889,2841.772402312,53,60,9534.077473889,3141.702402312,15.72,0.0,323.13,0.0,0.0,61.32,0.0,0.0,0.0,6.0,0.0,420.0,0.0,0.0,16.0,0.0,0.0,0.0,177.0,0.0,39287.0,0.0,0.0,2123.0,0.0,0.0,0.0,272.0,70.0,434.0,75.0,196.0,143.0,338.85,61.32,0,34,8,0,0,5.828504343792647,4.132282401562493
596eef7c71f933d820d0e485935d0e8f,04769dac8b828ec7a85676d9e2bffe6f,Beauty & Fitness,Hair Care,"Google, Meta",US,All Territories,2023-08-22,USD,31,41,5284.140329736,1492.169319737,33,43,5507.829452981,1564.859319737,21.528710396,0.0,243.47,0.0,0.0,51.9,0.0,0.0,0.0,10.0,0.0,396.0,0.0,0.0,27.0,0.0,0.0,0.0,97.0,0.0,38395.0,0.0,0.0,1972.0,0.0,0.0,0.0,236.0,48.0,458.0,51.0,161.0,121.0,264.998710396,51.9,1,34,8,0,0,5.583491460634608,3.9684033388642534
596eef7c71f933d820d0e485935d0e8f,04769dac8b828ec7a85676d9e2bffe6f,Beauty & Fitness,Hair Care,"Google, Meta",US,All Territories,2023-08-23,USD,39,46,5750.303455746,1546.763507039,43,58,6563.893249106,1821.003794602,24.740440252,0.0,218.38,0.0,0.0,50.32,0.0,0.0,0.0,12.0,0.0,398.0,0.0,0.0,21.0,0.0,0.0,0.0,111.0,0.0,33258.0,0.0,0.0,1954.0,0.0,0.0,0.0,286.0,65.0,483.0,114.0,196.0,160.0,243.12044025199998,50.32,2,34,8,0,0,5.497661711099213,3.938080539747436
596eef7c71f933d820d0e485935d0e8f,04769dac8b828ec7a85676d9e2bffe6f,Beauty & Fitness,Hair Care,"Google, Meta",US,All Territories,2023-08-24,USD,30,36,4996.714693682,1847.437695016,33,45,5776.294693682,2083.837695016,25.6,0.0,272.4,0.0,0.0,46.97,0.0,0.0,0.0,8.0,0.0,340.0,0.0,0.0,19.0,0.0,0.0,0.0,51.0,0.0,34127.0,0.0,0.0,1849.0,0.0,0.0,0.0,242.0,86.0,420.0,46.0,140.0,162.0,298.0,46.97,3,34,8,0,0,5.700443573390687,3.8705758155139725
596eef7c71f933d820d0e485935d0e8f,04769dac8b828ec7a85676d9e2bffe6f,Beauty & Fitness,Hair Care,"Google, Meta",US,All Territories,2023-08-25,USD,34,46,4852.217101913,1594.866959559,39,57,5362.040368394,1706.82975276,5.07,0.0,222.97,0.0,0.0,217.56,0.0,0.0,0.0,2.0,0.0,370.0,0.0,0.0,263.0,0.0,0.0,0.0,95.0,0.0,34896.0,0.0,0.0,46505.0,0.0,0.0,0.0,388.0,87.0,560.0,57.0,158.0,190.0,228.04,217.56,4,34,8,0,0,5.43389666078986,5.387060576382425
596eef7c71f933d820d0e485935d0e8f,04769dac8b828ec7a85676d9e2bffe6f,Beauty & Fitness,Hair Care,"Google, Meta",US,All Territories,2023-08-26,USD,33,36,4852.504497403,1437.379170022,36,39,5150.494497403,1502.879170022,18.356982049,0.0,345.9,0.0,0.0,364.11,0.0,0.0,0.0,13.0,0.0,529.0,0.0,0.0,483.0,0.0,0.0,0.0,124.0,0.0,43771.0,0.0,0.0,77867.0,0.0,0.0,0.0,333.0,93.0,671.0,50.0,214.0,182.0,364.256982049,364.11,5,34,8,1,0,5.900601166256455,5.90019867804273
596eef7c71f933d820d0e485935d0e8f,04769dac8b828ec7a85676d9e2bffe6f,Beauty & Fitness,Hair Care,"Google, Meta",US,All Territories,2023-08-27,USD,33,37,4466.785763925,1486.698723826,37,41,5140.015763925,1729.198723826,11.918940019,0.0,246.29,0.0,0.0,465.42,0.0,0.0,0.0,9.0,0.0,427.0,0.0,0.0,524.0,0.0,0.0,0.0,85.0,0.0,44724.0,0.0,0.0,82911.0,0.0,0.0,0.0,333.0,96.0,538.0,124.0,190.0,164.0,258.208940019,465.42,6,34,8,1,0,5.557634454697369,6.145086515763547
596eef7c71f933d820d0e485935d0e8f,04769dac8b828ec7a85676d9e2bffe6f,Beauty & Fitness,Hair Care,"Google, Meta",US,All Territories,2023-08-28,USD,28,42,4715.147043728,1668.599209085,35,64,6395.123984591,2337.536868293,6.486487515,0.0,298.78,0.0,0.0,447.56,0.0,0.0,0.0,5.0,0.0,460.0,0.0,0.0,855.0,0.0,0.0,0.0,80.0,0.0,41997.0,0.0,0.0,68521.0,0.0,0.0,0.0,321.0,89.0,515.0,73.0,128.0,162.0,305.266487515,447.56,0,35,8,0,0,5.7244555971934625,6.1060424518154175
596eef7c71f933d820d0e485935d0e8f,04769dac8b828ec7a85676d9e2bffe6f,Beauty & Fitness,Hair Care,"Google, Meta",US,All Territories,2023-08-29,USD,49,103,10223.498279235,4241.938581068,55,113,11207.498321944,4572.688645396,4.82,0.0,290.92,0.0,0.0,410.36,0.0,0.0,0.0,5.0,0.0,364.0,0.0,0.0,913.0,0.0,0.0,0.0,84.0,0.0,40733.0,0.0,0.0,58234.0,0.0,0.0,0.0,295.0,77.0,527.0,66.0,144.0,147.0,295.74,410.36,1,35,8,0,0,5.692856334522648,6.01946874351758
596eef7c71f933d820d0e485935d0e8f,04769dac8b828ec7a85676d9e2bffe6f,Beauty & Fitness,Hair Care,"Google, Meta",US,All Territories,2023-08-30,USD,43,84,7830.919825953,3478.348322532,54,104,9437.909825953,4194.318322532,15.977962009,0.0,241.28,0.0,0.0,385.59,0.0,0.0,0.0,9.0,0.0,383.0,0.0,0.0,892.0,0.0,0.0,0.0,79.0,0.0,43163.0,0.0,0.0,55591.0,0.0,0.0,0.0,368.0,98.0,547.0,358.0,157.0,202.0,257.257962009,385.59,2,35,8,0,0,5.553958938149857,5.957364699910975
596eef7c71f933d820d0e485935d0e8f,04769dac8b828ec7a85676d9e2bffe6f,Beauty & Fitness,Hair Care,"Google, Meta",US,All Territories,2023-08-31,USD,42,73,7341.609789637,3298.17161075,48,84,8610.599789637,3869.21161075,28.645582238,0.0,288.71,0.0,0.0,395.25,0.0,0.0,0.0,18.0,0.0,430.0,0.0,0.0,951.0,0.0,0.0,0.0,141.0,0.0,46931.0,0.0,0.0,56080.0,0.0,0.0,0.0,282.0,103.0,554.0,86.0,152.0,242.0,317.35558223799995,395.25,3,35,8,0,0,5.76316894121742,5.98204532519149
596eef7c71f933d820d0e485935d0e8f,04769dac8b828ec7a85676d9e2bffe6f,Beauty & Fitness,Hair Care,"Google, Meta",US,All Territories,2023-09-01,USD,53,81,10596.587412728,4670.930524397,57,89,11289.087412728,4986.130524397,10.065300297,0.0,232.81,0.0,0.0,373.29,0.0,0.0,0.0,6.0,0.0,363.0,0.0,0.0,768.0,0.0,0.0,0.0,182.0,0.0,42773.0,0.0,0.0,59034.0,0.0,0.0,0.0,265.0,86.0,601.0,144.0,143.0,160.0,242.875300297,373.29,4,35,9,0,0,5.496657030298745,5.925030898015954
596eef7c71f933d820d0e485935d0e8f,04769dac8b828ec7a85676d9e2bffe6f,Beauty & Fitness,Hair Care,"Google, Meta",US,All Territories,2023-09-02,USD,56,75,10067.957302726,4441.900628457,68,92,12186.963017455,5410.450620963,10.003060185,0.0,285.15,0.0,0.0,346.69,0.0,0.0,0.0,9.0,0.0,425.0,0.0,0.0,671.0,0.0,0.0,0.0,177.0,0.0,44817.0,0.0,0.0,56756.0,0.0,0.0,0.0,267.0,94.0,588.0,208.0,177.0,181.0,295.15306018499996,346.69,5,35,9,1,0,5.690876415895993,5.851311278174572
596eef7c71f933d820d0e485935d0e8f,04769dac8b828ec7a85676d9e2bffe6f,Beauty & Fitness,Hair Care,"Google, Meta",US,All Territories,2023-09-03,USD,59,75,9899.953106963,4104.389555902,69,86,11205.943106963,4692.079555902,10.748741754,0.0,287.74,0.0,0.0,397.55,0.0,0.0,0.0,11.0,0.0,423.0,0.0,0.0,814.0,0.0,0.0,0.0,236.0,0.0,46277.0,0.0,0.0,64033.0,0.0,0.0,0.0,245.0,87.0,531.0,61.0,217.0,156.0,298.488741754,397.55,6,35,9,1,0,5.702076826712083,5.9878329608739325
596eef7c71f933d820d0e485935d0e8f,04769dac8b828ec7a85676d9e2bffe6f,Beauty & Fitness,Hair Care,"Google, Meta",US,All Territories,2023-09-04,USD,108,164,20873.449433638,9063.122757632,133,209,25349.439044101,11136.21331767,37.490395036,0.0,380.19,0.0,0.0,372.73,0.0,0.0,0.0,16.0,0.0,483.0,0.0,0.0,889.0,0.0,0.0,0.0,227.0,0.0,50676.0,0.0,0.0,67574.0,0.0,0.0,0.0,369.0,122.0,715.0,451.0,232.0,214.0,417.680395036,372.73,0,36,9,0,0,6.037107848513514,5.923533611567408
596eef7c71f933d820d0e485935d0e8f,04769dac8b828ec7a85676d9e2bffe6f,Beauty & Fitness,Hair Care,"Google, Meta",US,All Territories,2023-09-05,USD,45,64,7893.994174916,3414.316578343,55,78,9542.988669916,4203.424101093,12.803691008,0.0,296.1,0.0,0.0,381.34,0.0,0.0,0.0,7.0,0.0,422.0,0.0,0.0,828.0,0.0,0.0,0.0,203.0,0.0,47224.0,0.0,0.0,69419.0,0.0,0.0,0.0,271.0,134.0,587.0,98.0,164.0,212.0,308.903691008,381.34,1,36,9,0,0,5.736261575042233,5.946310265100872
596eef7c71f933d820d0e485935d0e8f,04769dac8b828ec7a85676d9e2bffe6f,Beauty & Fitness,Hair Care,"Google, Meta",US,All Territories,2023-09-06,USD,64,102,11974.452156175,5110.633339896,74,115,13264.438249926,5675.42781787,14.091826101,0.0,405.69,0.0,0.0,391.62,0.0,0.0,0.0,8.0,0.0,432.0,0.0,0.0,952.0,0.0,0.0,0.0,175.0,0.0,53521.0,0.0,0.0,68272.0,0.0,0.0,0.0,318.0,108.0,554.0,341.0,201.0,220.0,419.781826101,391.62,2,36,9,0,0,6.042114471567353,5.972842222979887
596eef7c71f933d820d0e485935d0e8f,04769dac8b828ec7a85676d9e2bffe6f,Beauty & Fitness,Hair Care,"Google, Meta",US,All Territories,2023-09-07,USD,45,68,8766.478345756,3800.547249352,52,84,10154.476490375,4440.38677982,21.037369016,0.0,349.88,0.0,0.0,390.72,0.0,0.0,0.0,11.0,0.0,460.0,0.0,0.0,949.0,0.0,0.0,0.0,192.0,0.0,52573.0,0.0,0.0,68909.0,0.0,0.0,0.0,318.0,84.0,559.0,85.0,154.0,217.0,370.917369016,390.72,3,36,9,0,0,5.9186717032983704,5.970547298852594
596eef7c71f933d820d0e485935d0e8f,04769dac8b828ec7a85676d9e2bffe6f,Beauty & Fitness,Hair Care,"Google, Meta",US,All Territories,2023-09-08,USD,33,36,5086.490659848,2099.587803933,40,46,6381.490659848,2626.587803933,25.32,0.0,349.4,0.0,0.0,407.54,0.0,0.0,0.0,15.0,0.0,473.0,0.0,0.0,843.0,0.0,0.0,0.0,162.0,0.0,53796.0,0.0,0.0,67553.0,0.0,0.0,0.0,284.0,83.0,527.0,117.0,139.0,164.0,374.71999999999997,407.54,4,36,9,0,0,5.928844185126315,6.0125898287229305
596eef7c71f933d820d0e485935d0e8f,04769dac8b828ec7a85676d9e2bffe6f,Beauty & Fitness,Hair Care,"Google, Meta",US,All Territories,2023-09-09,USD,43,56,7790.989652245,3482.23454213,44,58,8011.989652245,3579.48454213,7.33036677,0.0,463.36,0.0,0.0,399.98,0.0,0.0,0.0,8.0,0.0,686.0,0.0,0.0,809.0,0.0,0.0,0.0,184.0,0.0,64054.0,0.0,0.0,85100.0,0.0,0.0,0.0,335.0,64.0,563.0,53.0,193.0,117.0,470.69036677,399.98,5,36,9,1,0,6.156322767715766,5.993911550751034
596eef7c71f933d820d0e485935d0e8f,04769dac8b828ec7a85676d9e2bffe6f,Beauty & Fitness,Hair Care,"Google, Meta",US,All Territories,2023-09-10,USD,60,95,11426.117925382,4857.66788943,73,119,13646.108212264,5836.860258659,4.889467223,0.0,481.68,0.0,0.0,454.96,0.0,0.0,0.0,8.0,0.0,669.0,0.0,0.0,881.0,0.0,0.0,0.0,175.0,0.0,70212.0,0.0,0.0,77671.0,0.0,0.0,0.0,264.0,92.0,713.0,383.0,292.0,199.0,486.569467223,454.96,6,36,9,1,0,6.18943277715388,6.122405086368578
596eef7c71f933d820d0e485935d0e8f,04769dac8b828ec7a85676d9e2bffe6f,Beauty & Fitness,Hair Care,"Google, Meta",US,All Territories,2023-09-11,USD,29,44,5260.290798132,2269.177781715,34,58,6368.440798132,2767.837781715,4.52,0.0,347.57,0.0,0.0,444.27,0.0,0.0,0.0,4.0,0.0,522.0,0.0,0.0,753.0,0.0,0.0,0.0,144.0,0.0,50323.0,0.0,0.0,71264.0,0.0,0.0,0.0,253.0,92.0,514.0,89.0,252.0,149.0,352.09,444.27,0,37,9,0,0,5.866722981944237,6.098680839746026
596eef7c71f933d820d0e485935d0e8f,04769dac8b828ec7a85676d9e2bffe6f,Beauty & Fitness,Hair Care,"Google, Meta",US,All Territories,2023-09-12,USD,38,54,6210.018447857,2624.39687328,41,57,6611.100779559,2788.041437404,8.48,0.0,254.8,0.0,0.0,403.35,0.0,0.0,0.0,3.0,0.0,441.0,0.0,0.0,782.0,0.0,0.0,0.0,55.0,0.0,43798.0,0.0,0.0,68799.0,0.0,0.0,0.0,257.0,90.0,524.0,63.0,243.0,164.0,263.28000000000003,403.35,1,37,9,0,0,5.577009147161685,6.0022808395418314
596eef7c71f933d820d0e485935d0e8f,04769dac8b828ec7a85676d9e2bffe6f,Beauty & Fitness,Hair Care,"Google, Meta",US,All Territories,2023-09-13,USD,40,49,6384.82,2070.74,42,52,6563.91,2177.77,3.02,0.0,217.32,0.0,0.0,417.0,0.0,0.0,0.0,2.0,0.0,384.0,0.0,0.0,797.0,0.0,0.0,0.0,25.0,0.0,37702.0,0.0,0.0,64500.0,0.0,0.0,0.0,234.0,70.0,453.0,150.0,217.0,121.0,220.34,417.0,2,37,9,0,0,5.3996999808366395,6.035481432524756
596eef7c71f933d820d0e485935d0e8f,04769dac8b828ec7a85676d9e2bffe6f,Beauty & Fitness,Hair Care,"Google, Meta",US,All Territories,2023-09-14,USD,32,43,5867.997860209,2031.941094655,38,50,6548.697860209,2265.151094655,2.256693307,0.0,166.84,0.0,0.0,405.35,0.0,0.0,0.0,2.0,0.0,377.0,0.0,0.0,723.0,0.0,0.0,0.0,30.0,0.0,36435.0,0.0,0.0,63907.0,0.0,0.0,0.0,230.0,80.0,529.0,134.0,236.0,156.0,169.096693307,405.35,3,37,9,0,0,5.136367059512686,6.007214857199214
596eef7c71f933d820d0e485935d0e8f,04769dac8b828ec7a85676d9e2bffe6f,Beauty & Fitness,Hair Care,"Google, Meta",US,All Territories,2023-09-15,USD,20,30,3383.340081706,1117.047145816,30,52,5078.759803192,1704.660570849,9.666249201,0.0,251.79,0.0,0.0,399.93,0.0,0.0,0.0,6.0,0.0,387.0,0.0,0.0,674.0,0.0,0.0,0.0,30.0,0.0,37239.0,0.0,0.0,59841.0,0.0,0.0,0.0,226.0,88.0,617.0,465.0,214.0,135.0,261.456249201,399.93,4,37,9,0,0,5.570084398430263,5.99378684847755
596eef7c71f933d820d0e485935d0e8f,04769dac8b828ec7a85676d9e2bffe6f,Beauty & Fitness,Hair Care,"Google, Meta",US,All Territories,2023-09-16,USD,22,30,4404.382635706,1155.59,27,40,5225.882635706,1476.21,7.182894543,0.0,380.4,0.0,0.0,386.15,0.0,0.0,0.0,8.0,0.0,508.0,0.0,0.0,753.0,0.0,0.0,0.0,86.0,0.0,50323.0,0.0,0.0,62786.0,0.0,0.0,0.0,195.0,89.0,657.0,107.0,226.0,187.0,387.58289454299995,386.15,5,37,9,1,0,5.96250651781445,5.958812214832733
596eef7c71f933d820d0e485935d0e8f,04769dac8b828ec7a85676d9e2bffe6f,Beauty & Fitness,Hair Care,"Google, Meta",US,All Territories,2023-09-17,USD,30,39,4519.197166446,1109.359577098,36,50,5407.984307934,1337.404660965,8.012800551,0.0,380.08,0.0,0.0,446.36,0.0,0.0,0.0,7.0,0.0,514.0,0.0,0.0,885.0,0.0,0.0,0.0,90.0,0.0,51565.0,0.0,0.0,70899.0,0.0,0.0,0.0,243.0,111.0,750.0,216.0,210.0,172.0,388.092800551,446.36,6,37,9,1,0,5.963817876994861,6.103363639605391
596eef7c71f933d820d0e485935d0e8f,04769dac8b828ec7a85676d9e2bffe6f,Beauty & Fitness,Hair Care,"Google, Meta",US,All Territories,2023-09-18,USD,36,55,6678.4895582,2565.520491323,45,67,8284.0895582,3339.570491323,12.913429509,0.0,267.61,0.0,0.0,366.94,0.0,0.0,0.0,10.0,0.0,380.0,0.0,0.0,749.0,0.0,0.0,0.0,94.0,0.0,44933.0,0.0,0.0,64801.0,0.0,0.0,0.0,245.0,91.0,599.0,559.0,181.0,186.0,280.52342950900004,366.94,0,38,9,0,0,5.640215675054076,5.907919881397637
596eef7c71f933d820d0e485935d0e8f,04769dac8b828ec7a85676d9e2bffe6f,Beauty & Fitness,Hair Care,"Google, Meta",US,All Territories,2023-09-19,USD,35,42,5358.801006621,2102.936287546,38,45,5696.201006621,2244.156287546,15.411140915,0.0,190.27,0.0,0.0,342.88,0.0,0.0,0.0,11.0,0.0,315.0,0.0,0.0,651.0,0.0,0.0,0.0,71.0,0.0,40165.0,0.0,0.0,63028.0,0.0,0.0,0.0,196.0,76.0,576.0,188.0,158.0,156.0,205.68114091500001,342.88,1,38,9,0,0,5.331177223604057,5.8402927593062435
596eef7c71f933d820d0e485935d0e8f,04769dac8b828ec7a85676d9e2bffe6f,Beauty & Fitness,Hair Care,"Google, Meta",US,All Territories,2023-09-20,USD,33,40,5292.94,1748.78,34,41,5324.94,1748.78,4.84,0.0,124.02,0.0,0.0,323.52,0.0,0.0,0.0,5.0,0.0,285.0,0.0,0.0,552.0,0.0,0.0,0.0,36.0,0.0,23044.0,0.0,0.0,46949.0,0.0,0.0,0.0,220.0,84.0,534.0,82.0,155.0,233.0,128.85999999999999,323.52,2,38,9,0,0,4.866456947080341,5.782347167526864
596eef7c71f933d820d0e485935d0e8f,04769dac8b828ec7a85676d9e2bffe6f,Beauty & Fitness,Hair Care,"Google, Meta",US,All Territories,2023-09-21,USD,31,42,4695.672590149,1516.409754199,41,58,7179.966169474,2508.741543862,6.894199861,0.0,91.3,0.0,0.0,333.72,0.0,0.0,0.0,6.0,0.0,175.0,0.0,0.0,508.0,0.0,0.0,0.0,58.0,0.0,17335.0,0.0,0.0,47403.0,0.0,0.0,0.0,231.0,67.0,608.0,403.0,135.0,264.0,98.194199861,333.72,3,38,9,0,0,4.597079543438295,5.813294361436504
596eef7c71f933d820d0e485935d0e8f,04769dac8b828ec7a85676d9e2bffe6f,Beauty & Fitness,Hair Care,"Google, Meta",US,All Territories,2023-09-22,USD,19,30,3325.149259222,1088.548221275,25,37,3735.049259222,1184.128221275,6.46,0.0,108.9,0.0,0.0,326.12,0.0,0.0,0.0,2.0,0.0,191.0,0.0,0.0,479.0,0.0,0.0,0.0,43.0,0.0,19156.0,0.0,0.0,42090.0,0.0,0.0,0.0,223.0,94.0,648.0,83.0,159.0,229.0,115.36,326.12,4,38,9,0,0,4.756688833627001,5.7903270760563865
596eef7c71f933d820d0e485935d0e8f,04769dac8b828ec7a85676d9e2bffe6f,Beauty & Fitness,Hair Care,"Google, Meta",US,All Territories,2023-09-23,USD,30,42,4191.76,1641.39,34,49,4649.56,1784.4,12.26,0.0,91.58,0.0,0.0,337.34,0.0,0.0,0.0,5.0,0.0,244.0,0.0,0.0,482.0,0.0,0.0,0.0,32.0,0.0,21804.0,0.0,0.0,43683.0,0.0,0.0,0.0,184.0,67.0,695.0,42.0,132.0,244.0,103.84,337.34,5,38,9,1,0,4.6524353784552055,5.824051307047146
596eef7c71f933d820d0e485935d0e8f,04769dac8b828ec7a85676d9e2bffe6f,Beauty & Fitness,Hair Care,"Google, Meta",US,All Territories,2023-09-24,USD,37,61,7174.190766698,3020.210383349,42,70,8048.988726184,3445.613069127,0.6,0.0,160.39,0.0,0.0,372.98,0.0,0.0,0.0,1.0,0.0,268.0,0.0,0.0,532.0,0.0,0.0,0.0,34.0,0.0,25938.0,0.0,0.0,48121.0,0.0,0.0,0.0,235.0,108.0,729.0,112.0,175.0,279.0,160.98999999999998,372.98,6,38,9,1,0,5.0875346049320465,5.924202320048814
596eef7c71f933d820d0e485935d0e8f,04769dac8b828ec7a85676d9e2bffe6f,Beauty & Fitness,Hair Care,"Google, Meta",US,All Territories,2023-09-25,USD,35,46,5734.004391667,2383.612171577,52,77,8596.105973208,3701.922300197,4.29,0.0,134.23,0.0,0.0,385.33,0.0,0.0,0.0,2.0,0.0,214.0,0.0,0.0,516.0,0.0,0.0,0.0,36.0,0.0,25683.0,0.0,0.0,45828.0,0.0,0.0,0.0,268.0,108.0,687.0,386.0,144.0,267.0,138.51999999999998,385.33,0,39,9,0,0,4.938207960160669,5.956691926506723
596eef7c71f933d820d0e485935d0e8f,04769dac8b828ec7a85676d9e2bffe6f,Beauty & Fitness,Hair Care,"Google, Meta",US,All Territories,2023-09-26,USD,48,77,8571.854395496,3314.470011391,54,99,10152.054395496,4087.570011391,5.73,0.0,132.95,0.0,0.0,377.88,0.0,0.0,0.0,4.0,0.0,188.0,0.0,0.0,559.0,0.0,0.0,0.0,60.0,0.0,25667.0,0.0,0.0,46637.0,0.0,0.0,0.0,252.0,83.0,671.0,138.0,164.0,264.0,138.67999999999998,377.88,1,39,9,0,0,4.939354092091292,5.937219532255586
596eef7c71f933d820d0e485935d0e8f,04769dac8b828ec7a85676d9e2bffe6f,Beauty & Fitness,Hair Care,"Google, Meta",US,All Territories,2023-09-27,USD,34,55,6235.301577307,2722.306580506,45,69,8094.10130094,3562.367146804,0.0,0.0,136.23,0.0,0.0,378.0,0.0,0.0,0.0,0.0,0.0,225.0,0.0,0.0,553.0,0.0,0.0,0.0,45.0,0.0,27156.0,0.0,0.0,47320.0,0.0,0.0,0.0,253.0,83.0,655.0,250.0,129.0,230.0,136.23,378.0,2,39,9,0,0,4.921658350281541,5.937536205082426
596eef7c71f933d820d0e485935d0e8f,04769dac8b828ec7a85676d9e2bffe6f,Beauty & Fitness,Hair Care,"Google, Meta",US,All Territories,2023-09-28,USD,24,33,3186.802808425,1316.797698726,30,44,4172.105783855,1710.115043346,0.452069358,0.0,148.2,0.0,0.0,368.26,0.0,0.0,0.0,1.0,0.0,212.0,0.0,0.0,500.0,0.0,0.0,0.0,34.0,0.0,26257.0,0.0,0.0,43903.0,0.0,0.0,0.0,256.0,100.0,675.0,62.0,155.0,278.0,148.65206935799998,368.26,3,39,9,0,0,5.008313062188401,5.911501002967597
596eef7c71f933d820d0e485935d0e8f,04769dac8b828ec7a85676d9e2bffe6f,Beauty & Fitness,Hair Care,"Google, Meta",US,All Territories,2023-09-29,USD,35,49,5693.887478056,2417.062176263,48,64,8017.687478056,3456.322176263,0.3605460917,0.0,170.13,0.0,0.0,367.92,0.0,0.0,0.0,1.0,0.0,278.0,0.0,0.0,462.0,0.0,0.0,0.0,49.0,0.0,27214.0,0.0,0.0,43125.0,0.0,0.0,0.0,289.0,103.0,665.0,182.0,459.0,300.0,170.4905460917,367.92,4,39,9,0,0,5.144528140256828,5.910579818367518
596eef7c71f933d820d0e485935d0e8f,04769dac8b828ec7a85676d9e2bffe6f,Beauty & Fitness,Hair Care,"Google, Meta",US,All Territories,2023-09-30,USD,20,25,3327.676705267,1242.868304119,23,28,3834.676705267,1496.368304119,11.449235921,0.0,165.0,0.0,0.0,397.88,0.0,0.0,0.0,8.0,0.0,356.0,0.0,0.0,505.0,0.0,0.0,0.0,95.0,0.0,38106.0,0.0,0.0,45182.0,0.0,0.0,0.0,236.0,100.0,800.0,62.0,340.0,267.0,176.449235921,397.88,5,39,9,1,0,5.178684573199888,5.988660619775247
596eef7c71f933d820d0e485935d0e8f,04769dac8b828ec7a85676d9e2bffe6f,Beauty & Fitness,Hair Care,"Google, Meta",US,All Territories,2023-10-01,USD,46,61,7090.383606123,3286.836811255,57,82,8747.383606123,4136.966811255,8.4249364,0.0,269.79,0.0,0.0,442.56,0.0,0.0,0.0,9.0,0.0,383.0,0.0,0.0,579.0,0.0,0.0,0.0,96.0,0.0,44494.0,0.0,0.0,57602.0,0.0,0.0,0.0,281.0,103.0,828.0,281.0,189.0,312.0,278.2149364,442.56,6,39,10,1,0,5.631981866591968,6.0948330800850155
596eef7c71f933d820d0e485935d0e8f,04769dac8b828ec7a85676d9e2bffe6f,Beauty & Fitness,Hair Care,"Google, Meta",US,All Territories,2023-10-02,USD,36,47,5860.352086136,2255.422399766,42,53,6901.447890527,2773.556646151,1.330715101,0.0,246.26,0.0,0.0,434.19,0.0,0.0,0.0,3.0,0.0,341.0,0.0,0.0,534.0,0.0,0.0,0.0,54.0,0.0,39685.0,0.0,0.0,55490.0,0.0,0.0,0.0,236.0,79.0,640.0,92.0,156.0,255.0,247.590715101,434.19,0,40,10,0,0,5.515807829630134,6.075782717336559
596eef7c71f933d820d0e485935d0e8f,04769dac8b828ec7a85676d9e2bffe6f,Beauty & Fitness,Hair Care,"Google, Meta",US,All Territories,2023-10-03,USD,27,40,4624.238505372,1955.792407087,32,49,5459.841995049,2295.904151925,4.19,0.0,151.22,0.0,0.0,404.11,0.0,0.0,0.0,2.0,0.0,288.0,0.0,0.0,497.0,0.0,0.0,0.0,20.0,0.0,32643.0,0.0,0.0,51607.0,0.0,0.0,0.0,204.0,76.0,658.0,45.0,119.0,235.0,155.41,404.11,1,40,10,0,0,5.05248076468615,6.004158635166867
596eef7c71f933d820d0e485935d0e8f,04769dac8b828ec7a85676d9e2bffe6f,Beauty & Fitness,Hair Care,"Google, Meta",US,All Territories,2023-10-04,USD,19,23,2917.077894145,880.552584797,23,31,4250.677894145,1527.752584797,0.0,0.0,149.89,0.0,0.0,382.35,0.0,0.0,0.0,0.0,0.0,270.0,0.0,0.0,570.0,0.0,0.0,0.0,32.0,0.0,30799.0,0.0,0.0,48687.0,0.0,0.0,0.0,239.0,98.0,594.0,108.0,107.0,250.0,149.89,382.35,2,40,10,0,0,5.01655109452556,5.9489484100049035
596eef7c71f933d820d0e485935d0e8f,04769dac8b828ec7a85676d9e2bffe6f,Beauty & Fitness,Hair Care,"Google, Meta",US,All Territories,2023-10-05,USD,21,34,4091.15,1710.5,25,39,4861.147605027,2032.302450231,15.83,0.0,116.72,0.0,0.0,311.97,0.0,0.0,0.0,48.0,0.0,230.0,0.0,0.0,568.0,0.0,0.0,0.0,4018.0,0.0,25155.0,0.0,0.0,40609.0,0.0,0.0,0.0,222.0,75.0,630.0,51.0,117.0,274.0,132.55,311.97,3,40,10,0,0,4.89447593955597,5.7461073393012025
596eef7c71f933d820d0e485935d0e8f,04769dac8b828ec7a85676d9e2bffe6f,Beauty & Fitness,Hair Care,"Google, Meta",US,All Territories,2023-10-06,USD,22,34,4050.001826069,1554.797335123,27,42,4889.000379781,1904.702603488,19.43,0.0,297.84,0.0,0.0,313.54,0.0,0.0,0.0,33.0,0.0,392.0,0.0,0.0,536.0,0.0,0.0,0.0,2105.0,0.0,47317.0,0.0,0.0,41082.0,0.0,0.0,0.0,234.0,108.0,692.0,93.0,104.0,296.0,317.27,313.54,4,40,10,0,0,5.76290007913929,5.75111125406258
596eef7c71f933d820d0e485935d0e8f,04769dac8b828ec7a85676d9e2bffe6f,Beauty & Fitness,Hair Care,"Google, Meta",US,All Territories,2023-10-07,USD,16,22,2621.479897532,979.459953889,22,33,3553.479897532,1373.739953889,142.77,0.0,291.48,0.0,0.0,415.42,0.0,0.0,0.0,167.0,0.0,436.0,0.0,0.0,521.0,0.0,0.0,0.0,3912.0,0.0,58288.0,0.0,0.0,52051.0,0.0,0.0,0.0,168.0,54.0,733.0,32.0,89.0,207.0,434.25,415.42,5,40,10,1,0,6.075920578648298,6.031694366327049
596eef7c71f933d820d0e485935d0e8f,04769dac8b828ec7a85676d9e2bffe6f,Beauty & Fitness,Hair Care,"Google, Meta",US,All Territories,2023-10-08,USD,28,42,5506.998553711,1992.650955519,31,49,6173.998318338,2258.29793793,72.13,0.0,313.51,0.0,0.0,445.41,0.0,0.0,0.0,122.0,0.0,426.0,0.0,0.0,662.0,0.0,0.0,0.0,2204.0,0.0,57962.0,0.0,0.0,56242.0,0.0,0.0,0.0,195.0,98.0,689.0,166.0,130.0,280.0,385.64,445.41,6,40,10,1,0,5.957494027536828,6.1012378122498845
596eef7c71f933d820d0e485935d0e8f,04769dac8b828ec7a85676d9e2bffe6f,Beauty & Fitness,Hair Care,"Google, Meta",US,All Territories,2023-10-09,USD,25,32,3203.490884756,1061.791530088,29,38,3602.490884756,1211.091530088,44.04,0.0,301.3,0.0,0.0,563.86,0.0,0.0,0.0,46.0,0.0,387.0,0.0,0.0,555.0,0.0,0.0,0.0,419.0,0.0,57912.0,0.0,0.0,68363.0,0.0,0.0,0.0,210.0,93.0,666.0,73.0,105.0,296.0,345.34000000000003,563.86,0,41,10,0,0,5.847420951524005,6.336577912831399
596eef7c71f933d820d0e485935d0e8f,04769dac8b828ec7a85676d9e2bffe6f,Beauty & Fitness,Hair Care,"Google, Meta",US,All Territories,2023-10-10,USD,25,32,3954.5,1482.55,30,38,4552.5,1710.25,34.52,0.0,451.24,0.0,0.0,487.67,0.0,0.0,0.0,42.0,0.0,434.0,0.0,0.0,433.0,0.0,0.0,0.0,743.0,0.0,65377.0,0.0,0.0,49847.0,0.0,0.0,0.0,204.0,85.0,578.0,100.0,92.0,251.0,485.76,487.67,1,41,10,0,0,6.1877711884685995,6.191687415037624
596eef7c71f933d820d0e485935d0e8f,04769dac8b828ec7a85676d9e2bffe6f,Beauty & Fitness,Hair Care,"Google, Meta",US,All Territories,2023-10-11,USD,25,32,3868.978930402,1493.300732389,27,34,3979.978930402,1533.250732389,37.81,0.0,410.475493603,0.0,0.0,477.48,0.0,0.0,0.0,53.0,0.0,425.0,0.0,0.0,334.0,0.0,0.0,0.0,1086.0,0.0,71169.0,0.0,0.0,40494.0,0.0,0.0,0.0,197.0,112.0,707.0,47.0,115.0,273.0,448.285493603,477.48,2,41,10,0,0,6.107658528893415,6.170614412736302
596eef7c71f933d820d0e485935d0e8f,04769dac8b828ec7a85676d9e2bffe6f,Beauty & Fitness,Hair Care,"Google, Meta",US,All Territories,2023-10-12,USD,17,23,3208.003378829,1261.04768631,23,37,4075.993378829,1592.19768631,8.88,0.0,328.18947301,0.0,0.0,766.1,0.0,0.0,0.0,9.0,0.0,360.0,0.0,0.0,604.0,0.0,0.0,0.0,71.0,0.0,58735.0,0.0,0.0,51503.0,0.0,0.0,0.0,233.0,81.0,672.0,216.0,89.0,298.0,337.06947300999997,766.1,3,41,10,0,0,5.823251415811973,6.64261717096525
596eef7c71f933d820d0e485935d0e8f,04769dac8b828ec7a85676d9e2bffe6f,Beauty & Fitness,Hair Care,"Google, Meta",US,All Territories,2023-10-13,USD,23,35,4407.490691726,1563.550396055,28,49,5563.490691726,2009.300396055,0.0,0.0,327.47926608,0.0,0.0,659.36,0.0,0.0,0.0,0.0,0.0,325.0,0.0,0.0,450.0,0.0,0.0,0.0,0.0,0.0,50690.0,0.0,0.0,42872.0,0.0,0.0,0.0,190.0,105.0,697.0,100.0,85.0,296.0,327.47926608,659.36,4,41,10,0,0,5.794473718976846,6.4927851408596675
596eef7c71f933d820d0e485935d0e8f,04769dac8b828ec7a85676d9e2bffe6f,Beauty & Fitness,Hair Care,"Google, Meta",US,All Territories,2023-10-14,USD,20,31,3143.961699755,1060.938034283,23,38,3757.961699755,1306.638034283,46.154943769,0.0,310.34620241,0.0,0.0,674.48,0.0,0.0,0.0,40.0,0.0,429.0,0.0,0.0,510.0,0.0,0.0,0.0,228.0,0.0,57481.0,0.0,0.0,50582.0,0.0,0.0,0.0,191.0,95.0,832.0,47.0,66.0,286.0,356.501146179,674.48,5,41,10,1,0,5.879138568224028,6.515423549263936
596eef7c71f933d820d0e485935d0e8f,04769dac8b828ec7a85676d9e2bffe6f,Beauty & Fitness,Hair Care,"Google, Meta",US,All Territories,2023-10-15,USD,41,52,6429.501962011,2312.709799235,46,60,7133.501962011,2638.559799235,15.811375799,0.0,366.171674832,0.0,0.0,735.87,0.0,0.0,0.0,16.0,0.0,380.0,0.0,0.0,536.0,0.0,0.0,0.0,46.0,0.0,60571.0,0.0,0.0,53078.0,0.0,0.0,0.0,216.0,93.0,824.0,151.0,106.0,310.0,381.983050631,735.87,6,41,10,1,0,5.947990733974245,6.602411485857249
596eef7c71f933d820d0e485935d0e8f,04769dac8b828ec7a85676d9e2bffe6f,Beauty & Fitness,Hair Care,"Google, Meta",US,All Territories,2023-10-16,USD,25,41,5183.493137131,1988.392611409,30,47,6177.486384998,2458.052540466,86.844535856,0.0,253.617742156,0.0,0.0,725.42,0.0,0.0,0.0,142.0,0.0,298.0,0.0,0.0,491.0,0.0,0.0,0.0,4589.0,0.0,48098.0,0.0,0.0,52220.0,0.0,0.0,0.0,184.0,75.0,774.0,74.0,79.0,311.0,340.46227801199996,725.42,0,42,10,0,0,5.833237213208405,6.588128359947704
596eef7c71f933d820d0e485935d0e8f,04769dac8b828ec7a85676d9e2bffe6f,Beauty & Fitness,Hair Care,"Google, Meta",US,All Territories,2023-10-17,USD,18,20,2628.49,843.25,20,22,3006.49,1074.91,75.56,0.0,328.55,0.0,0.0,687.21,0.0,0.0,0.0,123.0,0.0,327.0,0.0,0.0,456.0,0.0,0.0,0.0,5351.0,0.0,55904.0,0.0,0.0,46417.0,0.0,0.0,0.0,160.0,45.0,634.0,29.0,70.0,273.0,404.11,687.21,1,42,10,0,0,6.004158635166867,6.534094023917503
596eef7c71f933d820d0e485935d0e8f,04769dac8b828ec7a85676d9e2bffe6f,Beauty & Fitness,Hair Care,"Google, Meta",US,All Territories,2023-10-18,USD,22,26,4445.991365727,1627.197925961,26,34,5091.991365727,1889.747925961,148.086265721,0.0,274.4,0.0,0.0,685.21,0.0,0.0,0.0,288.0,0.0,298.0,0.0,0.0,488.0,0.0,0.0,0.0,27433.0,0.0,52596.0,0.0,0.0,46558.0,0.0,0.0,0.0,207.0,68.0,707.0,286.0,93.0,325.0,422.486265721,685.21,2,42,10,0,0,6.04852108315537,6.531183703328948
596eef7c71f933d820d0e485935d0e8f,04769dac8b828ec7a85676d9e2bffe6f,Beauty & Fitness,Hair Care,"Google, Meta",US,All Territories,2023-10-19,USD,32,45,5950.975998281,2168.78301103,41,57,7743.935998281,2968.53301103,174.97142523,0.0,379.34,0.0,0.0,664.75,0.0,0.0,0.0,245.0,0.0,359.0,0.0,0.0,592.0,0.0,0.0,0.0,12000.0,0.0,59890.0,0.0,0.0,49476.0,0.0,0.0,0.0,222.0,96.0,811.0,195.0,86.0,496.0,554.3114252299999,664.75,3,42,10,0,0,6.319529082914346,6.500914224694042
596eef7c71f933d820d0e485935d0e8f,04769dac8b828ec7a85676d9e2bffe6f,Beauty & Fitness,Hair Care,"Google, Meta",US,All Territories,2023-10-20,USD,28,51,5621.483771233,1955.485075978,37,63,7362.483771233,2777.795075978,5.38,0.0,244.48,114.672466706,0.0,699.05,0.0,0.0,0.0,4.0,0.0,295.0,226.0,0.0,623.0,0.0,0.0,0.0,364.0,0.0,49576.0,13646.0,0.0,51171.0,0.0,0.0,0.0,267.0,67.0,802.0,131.0,86.0,348.0,364.532466706,699.05,4,42,10,0,0,5.901355103441833,6.5511517610639345
596eef7c71f933d820d0e485935d0e8f,04769dac8b828ec7a85676d9e2bffe6f,Beauty & Fitness,Hair Care,"Google, Meta",US,All Territories,2023-10-21,USD,26,37,4480.0407678,1626.29030712,29,42,5086.037976677,1859.243335908,67.71,0.0,328.29,102.463180569,0.0,707.68,0.0,0.0,0.0,55.0,0.0,405.0,179.0,0.0,722.0,0.0,0.0,0.0,771.0,0.0,60379.0,14728.0,0.0,57290.0,0.0,0.0,0.0,200.0,55.0,857.0,52.0,101.0,331.0,498.463180569,707.68,5,42,10,1,0,6.213533882797128,6.563404084732237
596eef7c71f933d820d0e485935d0e8f,04769dac8b828ec7a85676d9e2bffe6f,Beauty & Fitness,Hair Care,"Google, Meta",US,All Territories,2023-10-22,USD,37,46,5730.140538303,1874.099560185,47,61,7708.130538303,2663.589560185,13.37,0.0,434.9,101.275112204,0.0,732.27,0.0,0.0,0.0,6.0,0.0,391.0,181.0,0.0,674.0,0.0,0.0,0.0,533.0,0.0,65114.0,19697.0,0.0,47371.0,0.0,0.0,0.0,249.0,90.0,898.0,175.0,78.0,423.0,549.545112204,732.27,6,42,10,1,0,6.310908900496396,6.59751398331238
596eef7c71f933d820d0e485935d0e8f,04769dac8b828ec7a85676d9e2bffe6f,Beauty & Fitness,Hair Care,"Google, Meta",US,All Territories,2023-10-23,USD,22,26,3938.052686816,1225.201729704,33,42,5365.092686816,1759.301729704,19.56,0.0,407.72,33.733686434,0.0,717.94,0.0,0.0,0.0,9.0,0.0,408.0,75.0,0.0,779.0,0.0,0.0,0.0,376.0,0.0,66578.0,7429.0,0.0,57862.0,0.0,0.0,0.0,233.0,84.0,750.0,83.0,82.0,419.0,461.013686434,717.94,0,43,10,0,0,6.135594514958965,6.577777905003917
596eef7c71f933d820d0e485935d0e8f,04769dac8b828ec7a85676d9e2bffe6f,Beauty & Fitness,Hair Care,"Google, Meta",US,All Territories,2023-10-24,USD,41,57,6631.95122818,2156.440491272,45,62,6912.94122818,2265.090491272,23.19,0.0,281.04,0.0,0.0,555.88,0.0,0.0,0.0,9.0,0.0,281.0,0.0,0.0,618.0,0.0,0.0,0.0,249.0,0.0,59105.0,0.0,0.0,43576.0,0.0,0.0,0.0,246.0,43.0,813.0,270.0,88.0,381.0,304.23,555.88,1,43,10,0,0,5.72106559077876,6.322349776860411
596eef7c71f933d820d0e485935d0e8f,04769dac8b828ec7a85676d9e2bffe6f,Beauty & Fitness,Hair Care,"Google, Meta",US,All Territories,2023-10-25,USD,30,43,4669.97855618,1334.157428112,34,48,5451.97855618,1674.267428112,1.87,0.0,233.11,0.0,0.0,346.84,0.0,0.0,0.0,2.0,0.0,275.0,0.0,0.0,461.0,0.0,0.0,0.0,73.0,0.0,43385.0,0.0,0.0,27345.0,0.0,0.0,0.0,241.0,73.0,713.0,47.0,65.0,351.0,234.98000000000002,346.84,2,43,10,0,0,5.4637470556717735,5.851742603932845
596eef7c71f933d820d0e485935d0e8f,04769dac8b828ec7a85676d9e2bffe6f,Beauty & Fitness,Hair Care,"Google, Meta",US,All Territories,2023-10-26,USD,24,34,4061.663744963,1465.417689614,28,41,4775.664672477,1711.818060619,26.86,0.0,225.42,0.0,0.0,471.76,0.0,0.0,0.0,34.0,0.0,264.0,0.0,0.0,430.0,0.0,0.0,0.0,1760.0,0.0,44541.0,0.0,0.0,31514.0,0.0,0.0,0.0,242.0,52.0,862.0,47.0,65.0,270.0,252.27999999999997,471.76,3,43,10,0,0,5.534495596132702,6.15858786014404
596eef7c71f933d820d0e485935d0e8f,04769dac8b828ec7a85676d9e2bffe6f,Beauty & Fitness,Hair Care,"Google, Meta",US,All Territories,2023-10-27,USD,17,21,2091.5,538.4,21,26,2753.0,748.9,67.47,0.0,267.78,0.0,0.0,449.42,0.0,0.0,0.0,114.0,0.0,318.0,0.0,0.0,466.0,0.0,0.0,0.0,4362.0,0.0,53734.0,0.0,0.0,30573.0,0.0,0.0,0.0,196.0,51.0,721.0,118.0,45.0,204.0,335.25,449.42,4,43,10,0,0,5.817854930916049,6.110180480812966
596eef7c71f933d820d0e485935d0e8f,04769dac8b828ec7a85676d9e2bffe6f,Beauty & Fitness,Hair Care,"Google, Meta",US,All Territories,2023-10-28,USD,23,28,4193.988630449,1522.891854865,27,34,4998.988630449,1838.291854865,104.19,0.0,263.08,0.0,0.0,444.76,0.0,0.0,0.0,249.0,0.0,326.0,0.0,0.0,428.0,0.0,0.0,0.0,21688.0,0.0,55282.0,0.0,0.0,30822.0,0.0,0.0,0.0,214.0,61.0,1070.0,60.0,75.0,313.0,367.27,444.76,5,43,10,1,0,5.908816364798029,6.099780690591441
596eef7c71f933d820d0e485935d0e8f,04769dac8b828ec7a85676d9e2bffe6f,Beauty & Fitness,Hair Care,"Google, Meta",US,All Territories,2023-10-29,USD,30,44,5193.999734929,1829.400572528,36,52,6224.999734929,2289.600572528,229.17,0.0,279.21,0.0,0.0,460.72,0.0,0.0,0.0,233.0,0.0,341.0,0.0,0.0,482.0,0.0,0.0,0.0,8986.0,0.0,51355.0,0.0,0.0,33630.0,0.0,0.0,0.0,263.0,88.0,873.0,210.0,67.0,321.0,508.38,460.72,6,43,10,1,0,6.233194299897871,6.134958646746711
596eef7c71f933d820d0e485935d0e8f,04769dac8b828ec7a85676d9e2bffe6f,Beauty & Fitness,Hair Care,"Google, Meta",US,All Territories,2023-10-30,USD,26,33,4096.477234973,1431.393384835,32,41,5003.477234973,1684.793384835,51.72,0.0,356.27,0.0,0.0,440.16,0.0,0.0,0.0,111.0,0.0,345.0,0.0,0.0,504.0,0.0,0.0,0.0,4465.0,0.0,51296.0,0.0,0.0,35683.0,0.0,0.0,0.0,255.0,89.0,796.0,145.0,57.0,321.0,407.99,440.16,0,44,10,0,0,6.013690705866148,6.089407621437946
596eef7c71f933d820d0e485935d0e8f,04769dac8b828ec7a85676d9e2bffe6f,Beauty & Fitness,Hair Care,"Google, Meta",US,All Territories,2023-10-31,USD,31,37,4447.069653989,1370.031707544,34,40,5124.069653989,1631.881707544,94.37,0.0,218.36,0.0,0.0,423.14,0.0,0.0,0.0,107.0,0.0,244.0,0.0,0.0,454.0,0.0,0.0,0.0,3675.0,0.0,39993.0,0.0,0.0,36372.0,0.0,0.0,0.0,237.0,94.0,662.0,51.0,62.0,308.0,312.73,423.14,1,44,10,0,0,5.748532743394273,6.050063589410918
596eef7c71f933d820d0e485935d0e8f,04769dac8b828ec7a85676d9e2bffe6f,Beauty & Fitness,Hair Care,"Google, Meta",US,All Territories,2023-11-01,USD,22,27,2960.189425421,844.409219829,25,31,3476.689425421,1048.019219829,57.62,0.0,282.01,0.0,0.0,268.56,0.0,0.0,0.0,125.0,0.0,320.0,0.0,0.0,381.0,0.0,0.0,0.0,5400.0,0.0,42303.0,0.0,0.0,22196.0,0.0,0.0,0.0,250.0,94.0,712.0,40.0,51.0,226.0,339.63,268.56,2,44,11,0,0,5.830796844208857,5.596791000078016
596eef7c71f933d820d0e485935d0e8f,04769dac8b828ec7a85676d9e2bffe6f,Beauty & Fitness,Hair Care,"Google, Meta",US,All Territories,2023-11-02,USD,18,31,2352.189245653,296.441615201,21,38,2820.189245653,301.481615201,79.17,0.0,265.47,0.0,0.0,309.200049005,0.0,0.0,0.0,147.0,0.0,320.0,0.0,0.0,274.0,0.0,0.0,0.0,6019.0,0.0,51197.0,0.0,0.0,16387.0,0.0,0.0,0.0,238.0,86.0,684.0,28.0,69.0,218.0,344.64000000000004,309.200049005,3,44,11,0,0,5.845397770973198,5.73721740872115
596eef7c71f933d820d0e485935d0e8f,04769dac8b828ec7a85676d9e2bffe6f,Beauty & Fitness,Hair Care,"Google, Meta",US,All Territories,2023-11-03,USD,35,44,3779.148069909,128.156671565,46,62,4938.539666595,230.182602985,89.56,0.0,337.14,0.0,0.0,362.463204736,0.0,0.0,0.0,85.0,0.0,371.0,0.0,0.0,331.0,0.0,0.0,0.0,4705.0,0.0,55324.0,0.0,0.0,18262.0,0.0,0.0,0.0,264.0,81.0,699.0,268.0,67.0,223.0,426.7,362.463204736,4,44,11,0,0,6.058422015232863,5.895678066914634
596eef7c71f933d820d0e485935d0e8f,04769dac8b828ec7a85676d9e2bffe6f,Beauty & Fitness,Hair Care,"Google, Meta",US,All Territories,2023-11-04,USD,31,45,3503.971694752,237.107233876,39,58,4327.101694752,264.997233876,84.2,0.0,560.58,0.0,0.0,323.845993064,0.0,0.0,0.0,130.0,0.0,552.0,0.0,0.0,300.0,0.0,0.0,0.0,6164.0,0.0,78445.0,0.0,0.0,18763.0,0.0,0.0,0.0,266.0,87.0,928.0,101.0,72.0,202.0,644.7800000000001,323.845993064,5,44,11,1,0,6.470458888504262,5.7833512025236695
596eef7c71f933d820d0e485935d0e8f,04769dac8b828ec7a85676d9e2bffe6f,Beauty & Fitness,Hair Care,"Google, Meta",US,All Territories,2023-11-05,USD,27,30,2563.490499958,115.04775137,37,53,3978.290876108,156.690171145,77.5,0.0,682.55,0.0,0.0,364.089381216,0.0,0.0,0.0,120.0,0.0,688.0,0.0,0.0,333.0,0.0,0.0,0.0,5035.0,0.0,96640.0,0.0,0.0,23127.0,0.0,0.0,0.0,275.0,117.0,955.0,59.0,87.0,314.0,760.05,364.089381216,6,44,11,1,0,6.634699058725675,5.9001422036481035
596eef7c71f933d820d0e485935d0e8f,04769dac8b828ec7a85676d9e2bffe6f,Beauty & Fitness,Hair Care,"Google, Meta",US,All Territories,2023-11-06,USD,48,60,5464.734792894,327.460519102,59,74,6521.915624406,518.590519102,57.54,0.0,614.25,0.0,0.0,321.37523169,0.0,0.0,0.0,75.0,0.0,596.0,0.0,0.0,323.0,0.0,0.0,0.0,4090.0,0.0,86444.0,0.0,0.0,20847.0,0.0,0.0,0.0,312.0,98.0,871.0,338.0,63.0,253.0,671.79,321.37523169,0,45,11,0,0,6.511433245290252,5.77571618289842
596eef7c71f933d820d0e485935d0e8f,04769dac8b828ec7a85676d9e2bffe6f,Beauty & Fitness,Hair Care,"Google, Meta",US,All Territories,2023-11-07,USD,41,48,4572.59891461,205.321912314,52,73,5939.79891461,403.361912314,52.02,0.0,610.89,0.0,0.0,323.20143663,0.0,0.0,0.0,96.0,0.0,570.0,0.0,0.0,335.0,0.0,0.0,0.0,5044.0,0.0,87316.0,0.0,0.0,19774.0,0.0,0.0,0.0,304.0,78.0,747.0,123.0,56.0,207.0,662.91,323.20143663,1,45,11,0,0,6.498146598121089,5.781365040599592
596eef7c71f933d820d0e485935d0e8f,04769dac8b828ec7a85676d9e2bffe6f,Beauty & Fitness,Hair Care,"Google, Meta",US,All Territories,2023-11-08,USD,22,28,2145.4,153.64,29,42,3047.2,199.99,0.0,0.0,475.1,0.0,0.0,326.58,0.0,0.0,0.0,0.0,0.0,462.0,0.0,0.0,280.0,0.0,0.0,0.0,0.0,0.0,75343.0,0.0,0.0,17733.0,0.0,0.0,0.0,257.0,80.0,659.0,37.0,63.0,158.0,475.1,326.58,2,45,11,0,0,6.1656279162004735,5.791732300054234
596eef7c71f933d820d0e485935d0e8f,04769dac8b828ec7a85676d9e2bffe6f,Beauty & Fitness,Hair Care,"Google, Meta",US,All Territories,2023-11-09,USD,56,84,6532.966317659,333.390025565,66,100,7489.560888729,389.848689913,0.0,0.0,600.81,0.0,0.0,370.654482509,0.0,0.0,0.0,0.0,0.0,559.0,0.0,0.0,281.0,0.0,0.0,0.0,0.0,0.0,83400.0,0.0,0.0,19736.0,0.0,0.0,0.0,336.0,98.0,800.0,166.0,144.0,352.0,600.81,370.654482509,3,45,11,0,0,6.399941780874105,5.917964612201756
596eef7c71f933d820d0e485935d0e8f,04769dac8b828ec7a85676d9e2bffe6f,Beauty & Fitness,Hair Care,"Google, Meta",US,All Territories,2023-11-10,USD,60,77,6702.420345279,354.420113867,69,89,7751.344271383,425.021977843,0.0,0.0,948.61,0.0,0.0,355.694731899,0.0,0.0,0.0,0.0,0.0,827.0,0.0,0.0,245.0,0.0,0.0,0.0,0.0,0.0,117186.0,0.0,0.0,17625.0,0.0,0.0,0.0,328.0,90.0,851.0,291.0,105.0,255.0,948.61,355.694731899,4,45,11,0,0,6.8560513739898,5.876880323259428
596eef7c71f933d820d0e485935d0e8f,04769dac8b828ec7a85676d9e2bffe6f,Beauty & Fitness,Hair Care,"Google, Meta",US,All Territories,2023-11-11,USD,36,49,4099.986590356,185.851660894,43,62,4615.876590356,234.391660894,0.0,0.0,1457.57,0.0,0.0,393.181368942,0.0,0.0,0.0,0.0,0.0,1273.0,0.0,0.0,279.0,0.0,0.0,0.0,0.0,0.0,168542.0,0.0,0.0,20680.0,0.0,0.0,0.0,261.0,81.0,789.0,98.0,105.0,225.0,1457.57,393.181368942,5,45,11,1,0,7.285211782670989,5.976811130643802
596eef7c71f933d820d0e485935d0e8f,04769dac8b828ec7a85676d9e2bffe6f,Beauty & Fitness,Hair Care,"Google, Meta",US,All Territories,2023-11-12,USD,49,78,6065.928291627,405.99927849,56,85,6722.312547994,422.42927849,0.0,0.0,2117.71,0.0,0.0,534.998211705,0.0,0.0,0.0,0.0,0.0,1826.0,0.0,0.0,384.0,0.0,0.0,0.0,0.0,0.0,241294.0,0.0,0.0,25912.0,0.0,0.0,0.0,333.0,66.0,988.0,66.0,123.0,246.0,2117.71,534.998211705,6,45,11,1,0,7.658562691894502,6.2841308246939676
596eef7c71f933d820d0e485935d0e8f,04769dac8b828ec7a85676d9e2bffe6f,Beauty & Fitness,Hair Care,"Google, Meta",US,All Territories,2023-11-13,USD,49,60,5386.773905164,226.98153341,59,75,6604.351477146,338.711449964,0.0,0.0,982.93,0.0,0.0,397.528484541,0.0,0.0,0.0,0.0,0.0,1002.0,0.0,0.0,218.0,0.0,0.0,0.0,0.0,0.0,131031.0,0.0,0.0,18042.0,0.0,0.0,0.0,354.0,83.0,722.0,268.0,209.0,227.0,982.93,397.528484541,0,46,11,0,0,6.891554756310429,5.98777897507599
596eef7c71f933d820d0e485935d0e8f,04769dac8b828ec7a85676d9e2bffe6f,Beauty & Fitness,Hair Care,"Google, Meta",US,All Territories,2023-11-14,USD,37,53,3980.021995409,269.016176039,42,58,4395.611995409,293.856176039,0.0,0.0,1189.82,0.0,0.0,277.820155436,0.0,0.0,0.0,0.0,0.0,1097.0,0.0,0.0,113.0,0.0,0.0,0.0,0.0,0.0,131266.0,0.0,0.0,11573.0,0.0,0.0,0.0,267.0,61.0,844.0,120.0,212.0,196.0,1189.82,277.820155436,1,46,11,0,0,7.082397424432222,5.63056696980273
596eef7c71f933d820d0e485935d0e8f,04769dac8b828ec7a85676d9e2bffe6f,Beauty & Fitness,Hair Care,"Google, Meta",US,All Territories,2023-11-15,USD,53,82,6127.257007012,292.717433334,60,91,6738.291110036,365.622639087,43.85,0.0,1116.98,0.0,0.0,276.006374371,0.0,0.0,0.0,21.0,0.0,846.0,0.0,0.0,126.0,0.0,0.0,0.0,151.0,0.0,123991.0,0.0,0.0,11377.0,0.0,0.0,0.0,285.0,74.0,732.0,239.0,370.0,343.0,1160.83,276.006374371,2,46,11,0,0,7.057751627225394,5.6240405180922375
596eef7c71f933d820d0e485935d0e8f,04769dac8b828ec7a85676d9e2bffe6f,Beauty & Fitness,Hair Care,"Google, Meta",US,All Territories,2023-11-16,USD,47,66,5484.804539898,256.633866364,52,82,6042.954539898,356.313866364,0.0,0.0,1347.86,0.0,0.0,339.471716489,0.0,0.0,0.0,0.0,0.0,941.0,0.0,0.0,175.0,0.0,0.0,0.0,0.0,0.0,129672.0,0.0,0.0,14283.0,0.0,0.0,0.0,305.0,82.0,722.0,119.0,387.0,249.0,1347.86,339.471716489,3,46,11,0,0,7.207015070243973,5.830332057496337
596eef7c71f933d820d0e485935d0e8f,04769dac8b828ec7a85676d9e2bffe6f,Beauty & Fitness,Hair Care,"Google, Meta",US,All Territories,2023-11-17,USD,40,57,4786.089196375,226.323967184,50,71,6218.539196375,516.383967184,61.61,0.0,1124.65,0.0,0.0,347.328377533,0.0,0.0,0.0,27.0,0.0,819.0,0.0,0.0,149.0,0.0,0.0,0.0,198.0,0.0,114301.0,0.0,0.0,13734.0,0.0,0.0,0.0,309.0,75.0,864.0,212.0,234.0,229.0,1186.26,347.328377533,4,46,11,0,0,7.0794034102196175,5.853145648451604
596eef7c71f933d820d0e485935d0e8f,04769dac8b828ec7a85676d9e2bffe6f,Beauty & Fitness,Hair Care,"Google, Meta",US,All Territories,2023-11-18,USD,65,96,7607.761410715,411.668333501,71,105,8204.971410715,458.278333501,134.67,0.0,1392.86,0.0,0.0,323.985713667,0.0,0.0,0.0,48.0,0.0,1014.0,0.0,0.0,182.0,0.0,0.0,0.0,325.0,0.0,141686.0,0.0,0.0,11986.0,0.0,0.0,0.0,301.0,106.0,1041.0,140.0,430.0,247.0,1527.53,323.985713667,5,46,11,1,0,7.332061768223658,5.7837812234158665
596eef7c71f933d820d0e485935d0e8f,04769dac8b828ec7a85676d9e2bffe6f,Beauty & Fitness,Hair Care,"Google, Meta",US,All Territories,2023-11-19,USD,53,65,5612.580297381,250.90444462,59,74,6150.601580862,257.53444462,129.39,0.0,1046.03,0.0,0.0,367.459149401,0.0,0.0,0.0,47.0,0.0,961.0,0.0,0.0,190.0,0.0,0.0,0.0,342.0,0.0,120255.0,0.0,0.0,13945.0,0.0,0.0,0.0,392.0,109.0,900.0,178.0,131.0,482.0,1175.42,367.459149401,6,46,11,1,0,7.070231207555386,5.909329849042028
596eef7c71f933d820d0e485935d0e8f,04769dac8b828ec7a85676d9e2bffe6f,Beauty & Fitness,Hair Care,"Google, Meta",US,All Territories,2023-11-20,USD,89,146,8900.81162002,308.239263821,104,175,10571.26162002,355.909263821,0.0,0.0,1250.62,0.0,0.0,549.140856062,0.0,0.0,0.0,0.0,0.0,999.0,0.0,0.0,298.0,0.0,0.0,0.0,0.0,0.0,125717.0,0.0,0.0,21990.0,0.0,0.0,0.0,394.0,103.0,736.0,266.0,234.0,339.0,1250.62,549.140856062,0,47,11,0,0,7.132193991213236,6.310174347368924
596eef7c71f933d820d0e485935d0e8f,04769dac8b828ec7a85676d9e2bffe6f,Beauty & Fitness,Hair Care,"Google, Meta",US,All Territories,2023-11-21,USD,95,136,9968.213998118,355.007025763,108,161,11180.013801224,481.247025763,66.46,0.0,1983.47,0.0,0.0,756.502895116,0.0,0.0,0.0,40.0,0.0,1329.0,0.0,0.0,503.0,0.0,0.0,0.0,215.0,0.0,166994.0,0.0,0.0,63409.0,0.0,0.0,0.0,435.0,95.0,912.0,151.0,324.0,304.0,2049.93,756.502895116,1,47,11,0,0,7.6260486277971165,6.630027359311534
596eef7c71f933d820d0e485935d0e8f,04769dac8b828ec7a85676d9e2bffe6f,Beauty & Fitness,Hair Care,"Google, Meta",US,All Territories,2023-11-22,USD,114,153,10958.684573631,223.000376653,141,208,13998.856640498,362.536252624,99.38,0.0,2315.38,0.0,0.0,591.51,0.0,0.0,0.0,47.0,0.0,1387.0,0.0,0.0,401.0,0.0,0.0,0.0,314.0,0.0,185717.0,0.0,0.0,63988.0,0.0,0.0,0.0,562.0,115.0,960.0,805.0,367.0,427.0,2414.76,591.51,2,47,11,0,0,7.78976921637204,6.3843677505039915
596eef7c71f933d820d0e485935d0e8f,04769dac8b828ec7a85676d9e2bffe6f,Beauty & Fitness,Hair Care,"Google, Meta",US,All Territories,2023-11-23,USD,185,256,18079.849363284,481.371266139,217,327,21892.978455681,581.682543643,144.42,0.0,2530.15,0.0,0.0,627.04,0.0,0.0,0.0,56.0,0.0,1522.0,0.0,0.0,405.0,0.0,0.0,0.0,442.0,0.0,201145.0,0.0,0.0,55317.0,0.0,0.0,0.0,531.0,178.0,997.0,470.0,323.0,443.0,2674.57,627.04,3,47,11,0,0,7.891917720743062,6.44260385870732
596eef7c71f933d820d0e485935d0e8f,04769dac8b828ec7a85676d9e2bffe6f,Beauty & Fitness,Hair Care,"Google, Meta",US,All Territories,2023-11-24,USD,367,527,37821.003148904,1058.313764207,434,647,44808.666048827,1336.483015767,230.73,0.0,2427.12,0.0,0.0,808.51,0.0,0.0,0.0,87.0,0.0,1397.0,0.0,0.0,404.0,0.0,0.0,0.0,669.0,0.0,204216.0,0.0,0.0,57416.0,0.0,0.0,0.0,882.0,334.0,1221.0,945.0,805.0,702.0,2657.85,808.51,4,47,11,0,0,7.885648977466761,6.6964291263458975
596eef7c71f933d820d0e485935d0e8f,04769dac8b828ec7a85676d9e2bffe6f,Beauty & Fitness,Hair Care,"Google, Meta",US,All Territories,2023-11-25,USD,242,355,24358.163260244,764.49348306,278,410,27684.613260244,822.59348306,208.28,0.0,1517.61,0.0,0.0,986.89,0.0,0.0,0.0,69.0,0.0,1045.0,0.0,0.0,641.0,0.0,0.0,0.0,727.0,0.0,133617.0,0.0,0.0,60596.0,0.0,0.0,0.0,568.0,193.0,1029.0,784.0,520.0,483.0,1725.8899999999999,986.89,5,47,11,1,0,7.454077381850596,6.895571355517163
596eef7c71f933d820d0e485935d0e8f,04769dac8b828ec7a85676d9e2bffe6f,Beauty & Fitness,Hair Care,"Google, Meta",US,All Territories,2023-11-26,USD,169,250,17484.735779754,373.162444644,194,304,20467.780420876,396.982444644,165.43,0.0,2108.75,0.0,0.0,1026.67,0.0,0.0,0.0,60.0,0.0,1206.0,0.0,0.0,892.0,0.0,0.0,0.0,658.0,0.0,168931.0,0.0,0.0,66053.0,0.0,0.0,0.0,688.0,155.0,1141.0,801.0,465.0,487.0,2274.18,1026.67,6,47,11,1,0,7.72981444913428,6.935049382806683
596eef7c71f933d820d0e485935d0e8f,04769dac8b828ec7a85676d9e2bffe6f,Beauty & Fitness,Hair Care,"Google, Meta",US,All Territories,2023-11-27,USD,375,528,35412.542957616,451.041028478,415,652,40480.116701455,554.401028478,144.51,0.0,2096.21,0.0,0.0,1031.02,0.0,0.0,0.0,47.0,0.0,1001.0,0.0,0.0,615.0,0.0,0.0,0.0,413.0,0.0,158030.0,0.0,0.0,58545.0,0.0,0.0,0.0,698.0,199.0,936.0,338.0,576.0,594.0,2240.7200000000003,1031.02,0,48,11,0,0,7.714998707340471,6.939273325698682
596eef7c71f933d820d0e485935d0e8f,04769dac8b828ec7a85676d9e2bffe6f,Beauty & Fitness,Hair Care,"Google, Meta",US,All Territories,2023-11-28,USD,125,153,12068.591754911,275.196751905,141,182,13569.081754911,377.646751905,248.21,0.0,1282.33,0.0,0.0,965.31,0.0,0.0,0.0,51.0,0.0,858.0,0.0,0.0,874.0,0.0,0.0,0.0,683.0,0.0,130617.0,0.0,0.0,68564.0,0.0,0.0,0.0,478.0,107.0,907.0,147.0,285.0,320.0,1530.54,965.31,1,48,11,0,0,7.3340290441165426,6.8734846937046905
596eef7c71f933d820d0e485935d0e8f,04769dac8b828ec7a85676d9e2bffe6f,Beauty & Fitness,Hair Care,"Google, Meta",US,All Territories,2023-11-29,USD,82,115,8533.780199923,286.98048943,93,159,9808.180199923,465.43048943,172.85,0.0,1633.65,0.0,0.0,883.88,0.0,0.0,0.0,49.0,0.0,986.0,0.0,0.0,1190.0,0.0,0.0,0.0,700.0,0.0,154029.0,0.0,0.0,75495.0,0.0,0.0,0.0,515.0,82.0,756.0,387.0,216.0,319.0,1806.5,883.88,2,48,11,0,0,7.49969995403292,6.785452042593999
596eef7c71f933d820d0e485935d0e8f,04769dac8b828ec7a85676d9e2bffe6f,Beauty & Fitness,Hair Care,"Google, Meta",US,All Territories,2023-11-30,USD,91,149,9135.280162833,367.75,108,200,11146.19658646,441.057042306,0.0,0.0,1098.61,0.0,0.0,792.76,0.0,0.0,0.0,0.0,0.0,732.0,0.0,0.0,1118.0,0.0,0.0,0.0,0.0,0.0,107259.0,0.0,0.0,72445.0,0.0,0.0,0.0,433.0,59.0,875.0,368.0,263.0,342.0,1098.61,792.76,3,48,11,0,0,7.002710850465817,6.676781148552739
596eef7c71f933d820d0e485935d0e8f,04769dac8b828ec7a85676d9e2bffe6f,Beauty & Fitness,Hair Care,"Google, Meta",US,All Territories,2023-12-01,USD,99,139,10665.63557764,326.072165695,121,192,13295.377215411,369.322165695,0.0,0.0,745.06,0.0,0.0,781.38,0.0,0.0,0.0,0.0,0.0,624.0,0.0,0.0,1081.0,0.0,0.0,0.0,0.0,0.0,86777.0,0.0,0.0,72647.0,0.0,0.0,0.0,468.0,91.0,768.0,208.0,218.0,419.0,745.06,781.38,4,48,12,0,0,6.61480602592395,6.662340556021697
596eef7c71f933d820d0e485935d0e8f,04769dac8b828ec7a85676d9e2bffe6f,Beauty & Fitness,Hair Care,"Google, Meta",US,All Territories,2023-12-02,USD,83,118,8297.91436665,206.817401689,100,155,10144.546638414,265.757401689,0.0,0.0,1024.03,0.0,0.0,767.98,0.0,0.0,0.0,0.0,0.0,848.0,0.0,0.0,1237.0,0.0,0.0,0.0,0.0,0.0,112995.0,0.0,0.0,73820.0,0.0,0.0,0.0,444.0,150.0,935.0,120.0,298.0,480.0,1024.03,767.98,5,48,12,1,0,6.932477159436884,6.645064961365095
596eef7c71f933d820d0e485935d0e8f,04769dac8b828ec7a85676d9e2bffe6f,Beauty & Fitness,Hair Care,"Google, Meta",US,All Territories,2023-12-03,USD,131,198,13146.382505673,346.287072531,156,248,15576.782505673,399.637072531,0.0,0.0,1183.3,0.0,0.0,843.03,0.0,0.0,0.0,0.0,0.0,947.0,0.0,0.0,1252.0,0.0,0.0,0.0,0.0,0.0,123115.0,0.0,0.0,82059.0,0.0,0.0,0.0,484.0,118.0,1064.0,293.0,293.0,563.0,1183.3,843.03,6,48,12,1,0,7.0769071617274495,6.7381880389879445
596eef7c71f933d820d0e485935d0e8f,04769dac8b828ec7a85676d9e2bffe6f,Beauty & Fitness,Hair Care,"Google, Meta",US,All Territories,2023-12-04,USD,82,110,7700.816945629,198.390956144,96,137,9032.916945629,329.460956144,0.0,0.0,912.88,0.0,0.0,822.94,0.0,0.0,0.0,0.0,0.0,795.0,0.0,0.0,1034.0,0.0,0.0,0.0,0.0,0.0,85859.0,0.0,0.0,80195.0,0.0,0.0,0.0,479.0,119.0,939.0,99.0,313.0,406.0,912.88,822.94,0,49,12,0,0,6.817699271806282,6.714097711724311
596eef7c71f933d820d0e485935d0e8f,04769dac8b828ec7a85676d9e2bffe6f,Beauty & Fitness,Hair Care,"Google, Meta",US,All Territories,2023-12-05,USD,86,107,8385.186345011,237.706938276,100,127,9740.115685173,294.186186321,0.0,0.0,875.16,0.0,0.0,692.99,0.0,0.0,0.0,0.0,0.0,755.0,0.0,0.0,891.0,0.0,0.0,0.0,0.0,0.0,95810.0,0.0,0.0,73573.0,0.0,0.0,0.0,416.0,81.0,998.0,83.0,252.0,353.0,875.16,692.99,1,49,12,0,0,6.775548722660029,6.542457551181089
596eef7c71f933d820d0e485935d0e8f,04769dac8b828ec7a85676d9e2bffe6f,Beauty & Fitness,Hair Care,"Google, Meta",US,All Territories,2023-12-06,USD,80,150,8513.284805268,325.63,90,181,9376.59527028,421.998782768,0.0,0.0,945.79,0.0,0.0,611.97,0.0,0.0,0.0,0.0,0.0,786.0,0.0,0.0,767.0,0.0,0.0,0.0,0.0,0.0,96898.0,0.0,0.0,71073.0,0.0,0.0,0.0,446.0,89.0,903.0,151.0,232.0,296.0,945.79,611.97,2,49,12,0,0,6.853077315691361,6.418315995097519
596eef7c71f933d820d0e485935d0e8f,04769dac8b828ec7a85676d9e2bffe6f,Beauty & Fitness,Hair Care,"Google, Meta",US,All Territories,2023-12-07,USD,88,163,8002.508874794,153.620346974,100,197,9282.498874794,205.530346974,0.0,0.0,1041.59,0.0,0.0,650.0,0.0,0.0,0.0,0.0,0.0,813.0,0.0,0.0,781.0,0.0,0.0,0.0,0.0,0.0,108976.0,0.0,0.0,75364.0,0.0,0.0,0.0,338.0,75.0,1030.0,92.0,226.0,291.0,1041.59,650.0,3,49,12,0,0,6.949463280881908,6.478509642208569
596eef7c71f933d820d0e485935d0e8f,04769dac8b828ec7a85676d9e2bffe6f,Beauty & Fitness,Hair Care,"Google, Meta",US,All Territories,2023-12-08,USD,78,174,8203.502937308,270.0,88,198,9177.152937308,456.45,0.0,0.0,1039.92,0.0,0.0,751.95,0.0,0.0,0.0,0.0,0.0,757.0,0.0,0.0,821.0,0.0,0.0,0.0,0.0,0.0,110339.0,0.0,0.0,76137.0,0.0,0.0,0.0,367.0,107.0,909.0,178.0,175.0,341.0,1039.92,751.95,4,49,12,0,0,6.947860216478442,6.623998824532828
596eef7c71f933d820d0e485935d0e8f,04769dac8b828ec7a85676d9e2bffe6f,Beauty & Fitness,Hair Care,"Google, Meta",US,All Territories,2023-12-09,USD,71,166,7247.390466331,291.35,78,183,7883.826418709,298.048525969,0.0,0.0,1208.32,0.0,0.0,739.34,0.0,0.0,0.0,0.0,0.0,870.0,0.0,0.0,725.0,0.0,0.0,0.0,0.0,0.0,118309.0,0.0,0.0,70025.0,0.0,0.0,0.0,324.0,96.0,946.0,80.0,194.0,350.0,1208.32,739.34,5,49,12,1,0,7.097813497147814,6.607109540138498
596eef7c71f933d820d0e485935d0e8f,04769dac8b828ec7a85676d9e2bffe6f,Beauty & Fitness,Hair Care,"Google, Meta",US,All Territories,2023-12-10,USD,85,192,9286.098615457,313.324597036,101,247,10750.562306646,400.518387678,0.0,0.0,1203.24,0.0,0.0,790.36,0.0,0.0,0.0,0.0,0.0,979.0,0.0,0.0,853.0,0.0,0.0,0.0,0.0,0.0,120784.0,0.0,0.0,81721.0,0.0,0.0,0.0,437.0,133.0,1110.0,247.0,240.0,513.0,1203.24,790.36,6,49,12,1,0,7.0936039415522485,6.673752984333051
596eef7c71f933d820d0e485935d0e8f,04769dac8b828ec7a85676d9e2bffe6f,Beauty & Fitness,Hair Care,"Google, Meta",US,All Territories,2023-12-11,USD,142,282,13173.434556777,293.69678715,149,304,13697.234556777,299.08678715,0.0,0.0,1204.65,0.0,0.0,758.85,0.0,0.0,0.0,0.0,0.0,856.0,0.0,0.0,779.0,0.0,0.0,0.0,0.0,0.0,115677.0,0.0,0.0,81690.0,0.0,0.0,0.0,375.0,93.0,893.0,122.0,181.0,249.0,1204.65,758.85,0,50,12,0,0,7.094774119577714,6.633121045379614
596eef7c71f933d820d0e485935d0e8f,04769dac8b828ec7a85676d9e2bffe6f,Beauty & Fitness,Hair Care,"Google, Meta",US,All Territories,2023-12-12,USD,150,276,13174.508360476,425.28,162,323,14157.176504526,506.583100751,0.0,0.0,1314.59,0.0,0.0,731.28,0.0,0.0,0.0,0.0,0.0,925.0,0.0,0.0,729.0,0.0,0.0,0.0,0.0,0.0,116213.0,0.0,0.0,75770.0,0.0,0.0,0.0,376.0,83.0,884.0,111.0,136.0,224.0,1314.59,731.28,1,50,12,0,0,7.182040513191456,6.596162954482814
596eef7c71f933d820d0e485935d0e8f,04769dac8b828ec7a85676d9e2bffe6f,Beauty & Fitness,Hair Care,"Google, Meta",US,All Territories,2023-12-13,USD,102,230,10817.920151868,233.2,109,245,11394.010151868,233.2,0.0,0.0,1737.36,0.0,0.0,530.4,0.0,0.0,0.0,0.0,0.0,1010.0,0.0,0.0,551.0,0.0,0.0,0.0,0.0,0.0,127965.0,0.0,0.0,45280.0,0.0,0.0,0.0,388.0,99.0,924.0,68.0,157.0,232.0,1737.36,530.4,2,50,12,0,0,7.460697419013434,6.275515033325713
596eef7c71f933d820d0e485935d0e8f,04769dac8b828ec7a85676d9e2bffe6f,Beauty & Fitness,Hair Care,"Google, Meta",US,All Territories,2023-12-14,USD,102,217,10223.72677833,293.313580937,104,221,10470.12677833,307.003580937,0.0,0.0,1296.17,0.0,0.0,526.83,0.0,0.0,0.0,0.0,0.0,960.0,0.0,0.0,609.0,0.0,0.0,0.0,0.0,0.0,125098.0,0.0,0.0,45335.0,0.0,0.0,0.0,422.0,126.0,801.0,65.0,219.0,280.0,1296.17,526.83,3,50,12,0,0,7.167940247431231,6.268774262165921
596eef7c71f933d820d0e485935d0e8f,04769dac8b828ec7a85676d9e2bffe6f,Beauty & Fitness,Hair Care,"Google, Meta",US,All Territories,2023-12-15,USD,108,226,10820.256665023,259.946903163,118,259,11947.806665023,423.486903163,0.0,0.0,1351.07,0.0,0.0,526.89,0.0,0.0,0.0,0.0,0.0,909.0,0.0,0.0,549.0,0.0,0.0,0.0,0.0,0.0,131108.0,0.0,0.0,48609.0,0.0,0.0,0.0,379.0,142.0,972.0,133.0,189.0,374.0,1351.07,526.89,4,50,12,0,0,7.209392030410552,6.268887928668525
596eef7c71f933d820d0e485935d0e8f,04769dac8b828ec7a85676d9e2bffe6f,Beauty & Fitness,Hair Care,"Google, Meta",US,All Territories,2023-12-16,USD,93,196,9548.549035435,285.255480962,104,224,10675.839035435,334.965480962,286.75,0.0,1208.47,0.0,0.0,517.92,2.16,0.0,0.0,121.0,0.0,724.0,0.0,0.0,496.0,2.0,0.0,0.0,528.0,0.0,121583.0,0.0,0.0,42145.0,160.0,0.0,0.0,358.0,110.0,950.0,119.0,198.0,322.0,1495.22,520.0799999999999,5,50,12,1,0,7.310697206545863,6.255903580829363
596eef7c71f933d820d0e485935d0e8f,04769dac8b828ec7a85676d9e2bffe6f,Beauty & Fitness,Hair Care,"Google, Meta",US,All Territories,2023-12-17,USD,96,213,10335.940572295,304.269564553,111,262,12093.980572295,314.769564553,0.0,0.0,0.0,0.0,0.0,556.06,8.69,0.05,0.0,0.0,0.0,0.0,0.0,0.0,621.0,1.0,0.0,0.0,0.0,0.0,0.0,0.0,0.0,47193.0,295.0,3.0,0.0,373.0,95.0,861.0,202.0,241.0,272.0,0.0,564.8,6,50,12,1,0,0.0,6.338240658867467
596eef7c71f933d820d0e485935d0e8f,04769dac8b828ec7a85676d9e2bffe6f,Beauty & Fitness,Hair Care,"Google, Meta",US,All Territories,2023-12-18,USD,96,203,10134.790652153,399.111653261,105,227,10970.750652153,542.001653261,0.0,0.0,0.0,0.0,0.0,546.34,7.78,0.01,0.0,0.0,0.0,0.0,0.0,0.0,599.0,2.0,0.0,0.0,0.0,0.0,0.0,0.0,0.0,50931.0,225.0,3.0,0.0,416.0,102.0,938.0,104.0,220.0,288.0,0.0,554.13,0,51,12,0,0,0.0,6.3192023205521135
596eef7c71f933d820d0e485935d0e8f,04769dac8b828ec7a85676d9e2bffe6f,Beauty & Fitness,Hair Care,"Google, Meta",US,All Territories,2023-12-19,USD,82,176,8911.97,244.92,91,211,10344.783007001,308.247570181,0.0,0.0,0.0,0.0,0.0,486.37,6.38,0.1,0.0,0.0,0.0,0.0,0.0,0.0,449.0,0.0,1.0,0.0,0.0,0.0,0.0,0.0,0.0,43976.0,195.0,5.0,0.0,371.0,96.0,765.0,202.0,149.0,259.0,0.0,492.85,1,51,12,0,0,0.0,6.202231827354137
